--
-- PostgreSQL database dump
--

SET statement_timeout = 0;
SET lock_timeout = 0;
SET client_encoding = 'UTF8';
SET standard_conforming_strings = on;
SET check_function_bodies = false;
SET client_min_messages = warning;

--
-- Name: plpgsql; Type: EXTENSION; Schema: -; Owner: 
--

CREATE EXTENSION IF NOT EXISTS plpgsql WITH SCHEMA pg_catalog;


--
-- Name: EXTENSION plpgsql; Type: COMMENT; Schema: -; Owner: 
--

COMMENT ON EXTENSION plpgsql IS 'PL/pgSQL procedural language';


SET search_path = public, pg_catalog;

SET default_tablespace = '';

SET default_with_oids = false;

--
-- Name: industry; Type: TABLE; Schema: public; Owner: anychart_user; Tablespace: 
--

CREATE TABLE industry (
    id integer NOT NULL,
    name character varying
);


ALTER TABLE industry OWNER TO anychart_user;

--
-- Name: product; Type: TABLE; Schema: public; Owner: anychart_user; Tablespace: 
--

CREATE TABLE product (
    id integer NOT NULL,
    name character varying,
    industry_id integer
);


ALTER TABLE product OWNER TO anychart_user;

--
-- Name: region; Type: TABLE; Schema: public; Owner: anychart_user; Tablespace: 
--

CREATE TABLE region (
    id integer NOT NULL,
    name character varying
);


ALTER TABLE region OWNER TO anychart_user;

--
-- Name: sales_id_seq; Type: SEQUENCE; Schema: public; Owner: anychart_user
--

CREATE SEQUENCE sales_id_seq
    START WITH 1
    INCREMENT BY 1
    NO MINVALUE
    NO MAXVALUE
    CACHE 1;


ALTER TABLE sales_id_seq OWNER TO anychart_user;

--
-- Name: sales; Type: TABLE; Schema: public; Owner: anychart_user; Tablespace: 
--

CREATE TABLE sales (
    id integer DEFAULT nextval('sales_id_seq'::regclass) NOT NULL,
    date date,
    product_id integer,
    region_id integer,
    rep_id integer,
    total numeric
);


ALTER TABLE sales OWNER TO anychart_user;

--
-- Name: sales_reps; Type: TABLE; Schema: public; Owner: anychart_user; Tablespace: 
--

CREATE TABLE sales_reps (
    id integer NOT NULL,
    name character varying
);


ALTER TABLE sales_reps OWNER TO anychart_user;

--
-- Data for Name: industry; Type: TABLE DATA; Schema: public; Owner: anychart_user
--

COPY industry (id, name) FROM stdin;
0	Materials
1	Consumer Goods
2	Finance
3	Healthcare
4	Industrial Goods
\.


--
-- Data for Name: product; Type: TABLE DATA; Schema: public; Owner: anychart_user
--

COPY product (id, name, industry_id) FROM stdin;
0	Product 1	0
1	Product 2	1
2	Product 3	2
3	Product 4	2
4	Product 5	3
\.


--
-- Data for Name: region; Type: TABLE DATA; Schema: public; Owner: anychart_user
--

COPY region (id, name) FROM stdin;
0	North America
1	Latin America
2	Europe
3	Middle East
4	Asia Pacific
\.


--
-- Data for Name: sales; Type: TABLE DATA; Schema: public; Owner: anychart_user
--

COPY sales (id, date, product_id, region_id, rep_id, total) FROM stdin;
1	2015-12-31	4	2	4	634
2	2010-01-01	2	1	0	1175
4	2010-01-04	3	2	0	1115
5	2010-01-05	3	2	0	806
7	2010-01-07	2	4	0	1268
8	2010-01-09	2	3	0	1105
9	2010-01-10	4	4	0	630
10	2010-01-12	2	2	0	1047
11	2010-01-13	3	1	0	694
12	2010-01-15	1	3	0	530
13	2010-01-16	2	2	0	1211
16	2010-01-19	3	2	0	1393
17	2010-01-20	4	1	0	542
18	2010-01-23	2	2	0	1192
19	2010-01-24	3	4	0	572
21	2010-01-26	0	4	0	608
22	2010-01-27	1	2	0	670
23	2010-01-28	4	2	0	629
24	2010-01-29	2	4	0	945
25	2010-01-30	4	0	0	804
26	2010-01-01	4	4	1	864
29	2010-01-05	4	3	1	1255
30	2010-01-07	1	2	1	981
32	2010-01-09	3	2	1	976
33	2010-01-10	0	4	1	1329
35	2010-01-14	1	3	1	1296
36	2010-01-15	1	4	1	762
37	2010-01-16	3	3	1	934
38	2010-01-17	3	4	1	1082
39	2010-01-18	3	1	1	618
40	2010-01-19	1	1	1	1441
41	2010-01-23	4	4	1	760
42	2010-01-24	4	2	1	1006
43	2010-01-25	2	0	1	999
44	2010-01-26	1	3	1	975
45	2010-01-27	1	0	1	1050
46	2010-01-29	2	0	1	1441
47	2010-01-30	0	3	1	1378
48	2010-01-01	4	4	2	1242
49	2010-01-02	3	2	2	1136
50	2010-01-03	3	3	2	914
51	2010-01-04	1	1	2	1100
52	2010-01-05	0	0	2	527
54	2010-01-07	2	3	2	779
55	2010-01-09	0	4	2	629
57	2010-01-11	4	2	2	1013
58	2010-01-12	3	2	2	1003
59	2010-01-13	3	1	2	624
60	2010-01-14	3	1	2	1279
61	2010-01-15	3	2	2	1163
62	2010-01-17	1	2	2	1225
63	2010-01-18	3	3	2	864
64	2010-01-20	3	1	2	646
65	2010-01-21	3	3	2	1219
66	2010-01-22	4	4	2	1197
68	2010-01-24	1	3	2	570
70	2010-01-26	4	1	2	1069
71	2010-01-27	1	0	2	633
72	2010-01-29	1	1	2	655
73	2010-01-31	1	4	2	1240
74	2010-01-01	1	0	3	1282
75	2010-01-02	2	4	3	847
76	2010-01-04	1	4	3	1309
77	2010-01-06	4	1	3	933
78	2010-01-07	2	3	3	1277
79	2010-01-10	0	2	3	581
80	2010-01-11	1	3	3	739
81	2010-01-12	1	2	3	819
82	2010-01-13	4	4	3	695
84	2010-01-15	4	0	3	1069
85	2010-01-16	1	0	3	549
86	2010-01-17	3	1	3	634
87	2010-01-18	2	3	3	1445
89	2010-01-21	0	2	3	537
90	2010-01-22	0	0	3	702
91	2010-01-23	4	3	3	1312
92	2010-01-24	4	2	3	869
94	2010-01-27	4	3	3	1347
95	2010-01-28	4	0	3	581
96	2010-01-30	3	1	3	1002
97	2010-01-31	4	2	3	1191
98	2010-01-02	4	2	4	1200
99	2010-01-03	0	1	4	785
102	2010-01-06	3	3	4	1204
105	2010-01-14	4	2	4	1386
106	2010-01-15	4	1	4	952
107	2010-01-16	4	3	4	1176
108	2010-01-18	0	2	4	1224
109	2010-01-20	1	2	4	1362
111	2010-01-22	4	2	4	1306
112	2010-01-24	0	0	4	705
113	2010-01-26	0	1	4	1018
114	2010-01-28	2	3	4	1454
115	2010-01-29	4	3	4	735
116	2010-01-31	0	1	4	1320
118	2010-02-03	2	3	0	705
119	2010-02-05	3	4	0	974
121	2010-02-09	1	1	0	1325
124	2010-02-14	3	1	0	1338
125	2010-02-15	3	1	0	947
127	2010-02-19	4	2	0	1040
128	2010-02-21	1	3	0	670
130	2010-02-23	1	2	0	549
132	2010-02-25	2	0	0	866
133	2010-02-27	2	4	0	729
135	2010-02-04	3	3	1	1381
137	2010-02-06	3	2	1	1472
138	2010-02-07	2	2	1	1220
139	2010-02-08	1	4	1	1491
140	2010-02-09	4	1	1	1148
141	2010-02-10	4	1	1	1274
142	2010-02-11	1	4	1	505
143	2010-02-13	2	1	1	1355
144	2010-02-15	2	4	1	534
146	2010-02-17	3	2	1	1380
147	2010-02-18	4	4	1	1088
148	2010-02-20	3	0	1	1083
150	2010-02-22	2	4	1	639
151	2010-02-23	1	1	1	1111
153	2010-02-26	3	4	1	1123
154	2010-02-27	4	3	1	1325
155	2010-02-28	4	3	1	1368
156	2010-02-01	3	2	2	1301
157	2010-02-02	1	4	2	874
158	2010-02-03	2	2	2	761
159	2010-02-06	1	4	2	611
161	2010-02-10	1	4	2	667
162	2010-02-11	3	3	2	742
163	2010-02-12	2	2	2	1284
164	2010-02-13	1	1	2	611
165	2010-02-14	2	1	2	763
167	2010-02-16	4	4	2	1210
169	2010-02-18	4	3	2	704
171	2010-02-20	3	4	2	1413
172	2010-02-21	3	4	2	609
173	2010-02-23	2	3	2	868
174	2010-02-25	3	0	2	905
175	2010-02-26	0	3	2	1354
176	2010-02-27	4	0	2	501
177	2010-02-28	4	3	2	676
179	2010-02-03	2	3	3	736
180	2010-02-05	4	1	3	727
182	2010-02-09	1	4	3	1482
183	2010-02-10	3	2	3	716
185	2010-02-14	2	3	3	1335
186	2010-02-15	4	3	3	958
188	2010-02-18	2	1	3	1110
190	2010-02-20	2	2	3	1192
192	2010-02-22	1	3	3	1053
193	2010-02-23	4	3	3	1147
194	2010-02-24	1	2	3	1287
195	2010-02-25	3	2	3	999
196	2010-02-26	1	2	3	1239
197	2010-02-28	1	3	3	1259
198	2010-02-02	4	0	4	1305
199	2010-02-03	0	4	4	503
200	2010-02-04	0	4	4	681
201	2010-02-05	3	4	4	798
202	2010-02-08	2	4	4	1209
203	2010-02-10	4	4	4	1004
205	2010-02-12	2	4	4	893
206	2010-02-14	1	0	4	673
209	2010-02-18	1	2	4	585
210	2010-02-19	3	4	4	841
213	2010-02-22	0	1	4	655
214	2010-02-23	4	2	4	1078
215	2010-02-25	0	2	4	1080
218	2010-03-01	1	2	0	1339
219	2010-03-02	2	2	0	937
220	2010-03-03	4	1	0	772
222	2010-03-05	4	3	0	666
223	2010-03-06	4	0	0	838
224	2010-03-07	3	4	0	1200
225	2010-03-09	2	1	0	1108
227	2010-03-12	1	0	0	1133
229	2010-03-15	4	3	0	1442
230	2010-03-17	2	2	0	541
231	2010-03-18	1	1	0	1405
232	2010-03-21	4	4	0	1077
233	2010-03-23	4	0	0	631
235	2010-03-26	2	4	0	922
237	2010-03-30	3	3	0	555
238	2010-03-31	2	3	0	1354
240	2010-03-02	4	1	1	1298
241	2010-03-03	4	2	1	1006
242	2010-03-04	2	2	1	706
243	2010-03-06	1	1	1	674
244	2010-03-09	3	2	1	726
246	2010-03-12	2	2	1	1074
247	2010-03-13	2	4	1	1046
248	2010-03-14	3	1	1	539
249	2010-03-15	3	2	1	651
250	2010-03-16	3	3	1	624
251	2010-03-17	1	3	1	640
252	2010-03-18	3	2	1	1212
253	2010-03-19	1	2	1	1209
255	2010-03-23	3	2	1	1126
256	2010-03-24	4	0	1	1481
257	2010-03-27	3	3	1	1371
258	2010-03-29	4	3	1	876
259	2010-03-30	4	4	1	969
260	2010-03-31	0	1	1	1033
261	2010-03-01	2	1	2	1191
262	2010-03-02	2	4	2	1358
264	2010-03-05	3	1	2	869
265	2010-03-09	2	1	2	896
266	2010-03-10	3	3	2	1244
267	2010-03-11	1	2	2	1420
269	2010-03-13	1	0	2	1088
270	2010-03-14	2	1	2	1171
271	2010-03-15	3	4	2	1368
272	2010-03-16	3	2	2	1344
274	2010-03-18	2	0	2	1342
275	2010-03-19	0	2	2	1381
276	2010-03-20	4	1	2	548
277	2010-03-21	3	4	2	967
278	2010-03-22	4	1	2	1414
279	2010-03-25	2	3	2	1244
280	2010-03-27	2	3	2	529
281	2010-03-28	2	3	2	954
282	2010-03-31	2	3	2	911
283	2010-03-01	4	4	3	1163
285	2010-03-03	4	2	3	1148
286	2010-03-04	3	2	3	1060
287	2010-03-06	4	3	3	1441
288	2010-03-09	1	2	3	1231
289	2010-03-10	4	2	3	1044
291	2010-03-12	4	0	3	950
292	2010-03-14	0	4	3	1066
293	2010-03-16	1	3	3	1239
294	2010-03-17	0	3	3	555
296	2010-03-19	3	2	3	866
297	2010-03-20	1	4	3	616
298	2010-03-21	3	2	3	554
299	2010-03-23	3	3	3	777
300	2010-03-24	1	4	3	899
301	2010-03-25	1	2	3	522
302	2010-03-26	2	3	3	1432
303	2010-03-27	3	3	3	683
304	2010-03-28	0	4	3	702
307	2010-03-31	3	3	3	1242
308	2010-03-01	1	4	4	1070
310	2010-03-05	1	2	4	1258
311	2010-03-06	2	4	4	517
312	2010-03-08	1	1	4	795
313	2010-03-12	1	0	4	732
314	2010-03-13	3	1	4	869
315	2010-03-14	4	1	4	922
316	2010-03-15	2	3	4	624
318	2010-03-17	3	2	4	1055
319	2010-03-18	2	1	4	1345
321	2010-03-20	4	3	4	1156
322	2010-03-21	2	0	4	760
323	2010-03-22	3	2	4	696
324	2010-03-23	4	2	4	1224
325	2010-03-24	3	2	4	1163
326	2010-03-25	0	2	4	897
327	2010-03-26	4	2	4	1251
328	2010-03-27	2	3	4	841
329	2010-03-28	3	1	4	997
330	2010-03-29	2	4	4	606
332	2010-04-01	3	4	0	1017
333	2010-04-03	3	3	0	1264
334	2010-04-05	2	0	0	753
335	2010-04-06	3	3	0	938
336	2010-04-07	4	4	0	1040
337	2010-04-09	2	4	0	759
338	2010-04-13	3	0	0	999
340	2010-04-16	2	1	0	977
341	2010-04-17	2	4	0	1011
343	2010-04-20	0	4	0	1202
344	2010-04-21	2	1	0	829
345	2010-04-22	2	2	0	845
346	2010-04-25	3	3	0	1218
348	2010-04-29	1	3	0	1011
350	2010-04-01	3	1	1	1113
352	2010-04-03	4	1	1	712
354	2010-04-08	1	3	1	680
355	2010-04-11	1	3	1	1368
356	2010-04-13	2	4	1	864
357	2010-04-14	3	4	1	766
359	2010-04-16	2	2	1	1163
360	2010-04-17	2	2	1	1388
361	2010-04-19	3	3	1	1031
365	2010-04-27	4	3	1	1119
366	2010-04-28	0	4	1	1061
367	2010-04-29	1	2	1	1404
368	2010-04-01	3	3	2	898
369	2010-04-02	4	2	2	1367
370	2010-04-04	1	1	2	1012
371	2010-04-05	2	1	2	1293
372	2010-04-06	4	4	2	504
373	2010-04-07	0	3	2	743
374	2010-04-08	3	1	2	1472
375	2010-04-12	4	1	2	856
376	2010-04-22	1	3	2	757
377	2010-04-23	4	3	2	1083
379	2010-04-25	3	2	2	535
381	2010-04-27	2	4	2	722
382	2010-04-28	2	2	2	734
384	2010-04-30	1	4	2	1094
385	2010-04-01	1	4	3	1207
390	2010-04-07	0	4	3	1307
391	2010-04-08	1	3	3	1470
392	2010-04-09	0	3	3	1295
393	2010-04-11	4	4	3	676
394	2010-04-13	4	2	3	1384
395	2010-04-14	1	2	3	1078
396	2010-04-16	3	1	3	979
397	2010-04-17	4	1	3	655
399	2010-04-19	2	0	3	535
400	2010-04-21	4	2	3	1010
401	2010-04-22	2	3	3	1083
402	2010-04-25	2	0	3	579
403	2010-04-28	4	2	3	995
405	2010-04-02	2	0	4	528
406	2010-04-03	2	1	4	563
407	2010-04-04	3	0	4	931
408	2010-04-07	2	0	4	939
410	2010-04-09	3	1	4	1223
411	2010-04-10	4	1	4	1142
412	2010-04-11	3	3	4	549
414	2010-04-14	2	3	4	1279
415	2010-04-15	2	1	4	657
416	2010-04-19	1	3	4	978
417	2010-04-20	0	1	4	982
418	2010-04-24	1	4	4	1246
421	2010-04-29	2	1	4	1045
422	2010-04-30	4	3	4	1034
424	2010-05-05	3	4	0	521
425	2010-05-06	3	2	0	1160
426	2010-05-07	0	3	0	587
427	2010-05-08	3	2	0	1140
428	2010-05-09	0	4	0	906
429	2010-05-10	4	1	0	724
430	2010-05-11	3	4	0	747
431	2010-05-12	1	4	0	1023
432	2010-05-13	4	1	0	523
434	2010-05-15	4	4	0	863
435	2010-05-16	1	2	0	964
436	2010-05-17	3	4	0	513
437	2010-05-18	3	0	0	781
438	2010-05-19	3	1	0	1092
439	2010-05-21	4	2	0	1447
440	2010-05-22	1	0	0	592
441	2010-05-23	1	0	0	743
442	2010-05-25	4	3	0	601
443	2010-05-26	2	2	0	972
445	2010-05-03	2	1	1	1361
446	2010-05-06	1	4	1	918
447	2010-05-07	1	3	1	1058
448	2010-05-08	1	2	1	1367
450	2010-05-10	0	2	1	1098
452	2010-05-12	4	0	1	1074
453	2010-05-14	2	4	1	1440
454	2010-05-15	1	2	1	699
455	2010-05-17	0	0	1	1066
456	2010-05-22	1	2	1	1381
458	2010-05-26	4	3	1	617
460	2010-05-30	3	0	1	1036
461	2010-05-31	3	1	1	696
462	2010-05-02	1	2	2	526
463	2010-05-06	4	0	2	836
464	2010-05-07	1	1	2	953
466	2010-05-09	4	4	2	930
467	2010-05-11	1	3	2	693
468	2010-05-12	1	3	2	1341
469	2010-05-14	4	3	2	631
470	2010-05-16	1	2	2	741
472	2010-05-19	4	3	2	1344
473	2010-05-20	3	1	2	629
474	2010-05-21	4	4	2	1000
475	2010-05-22	2	2	2	510
476	2010-05-25	2	2	2	553
478	2010-05-31	3	3	2	661
479	2010-05-04	2	3	3	889
481	2010-05-06	1	1	3	809
482	2010-05-07	0	2	3	512
485	2010-05-11	0	2	3	1232
487	2010-05-13	2	2	3	635
488	2010-05-15	2	1	3	943
489	2010-05-17	3	4	3	1413
490	2010-05-20	1	3	3	880
491	2010-05-21	3	2	3	873
493	2010-05-24	2	2	3	1452
494	2010-05-27	2	1	3	1112
495	2010-05-28	3	0	3	1044
496	2010-05-29	2	1	3	1031
497	2010-05-01	3	4	4	978
498	2010-05-05	0	0	4	787
501	2010-05-08	0	2	4	664
502	2010-05-09	2	4	4	1409
503	2010-05-10	3	4	4	1295
504	2010-05-12	0	2	4	893
505	2010-05-14	4	1	4	692
507	2010-05-19	3	3	4	1480
508	2010-05-20	1	2	4	1348
510	2010-05-24	4	1	4	1380
511	2010-05-25	2	3	4	1067
512	2010-05-26	3	3	4	1278
513	2010-05-27	3	3	4	1115
514	2010-05-28	2	3	4	1046
515	2010-05-29	3	2	4	1015
516	2010-05-30	2	4	4	884
517	2010-05-31	2	2	4	580
518	2010-06-01	4	3	0	1136
519	2010-06-03	4	0	0	685
520	2010-06-04	0	4	0	851
521	2010-06-05	1	0	0	770
522	2010-06-06	4	1	0	974
523	2010-06-08	4	1	0	576
526	2010-06-15	3	1	0	620
527	2010-06-16	0	2	0	843
528	2010-06-17	4	1	0	997
529	2010-06-19	2	2	0	1220
531	2010-06-21	3	2	0	852
533	2010-06-24	1	0	0	611
537	2010-06-28	3	2	0	1235
538	2010-06-30	3	0	0	1419
539	2010-06-03	4	4	1	1248
540	2010-06-07	1	4	1	872
541	2010-06-08	3	4	1	861
542	2010-06-09	3	4	1	613
543	2010-06-10	1	3	1	1187
544	2010-06-11	0	2	1	1444
545	2010-06-12	4	0	1	841
546	2010-06-13	2	2	1	1467
547	2010-06-14	1	0	1	1154
548	2010-06-15	2	3	1	1138
549	2010-06-16	3	1	1	1343
550	2010-06-17	1	1	1	1077
551	2010-06-18	0	3	1	1460
554	2010-06-23	1	1	1	986
555	2010-06-24	4	4	1	843
556	2010-06-25	1	3	1	628
557	2010-06-26	3	2	1	570
558	2010-06-27	2	1	1	820
559	2010-06-28	0	4	1	1111
560	2010-06-29	2	1	1	1214
561	2010-06-03	1	1	2	725
562	2010-06-05	3	4	2	1426
563	2010-06-07	4	1	2	1308
564	2010-06-08	4	3	2	1031
565	2010-06-10	2	0	2	756
566	2010-06-11	2	4	2	1285
567	2010-06-12	1	1	2	680
568	2010-06-13	3	1	2	987
569	2010-06-14	1	0	2	1314
570	2010-06-15	1	1	2	1326
571	2010-06-16	1	3	2	906
572	2010-06-17	2	3	2	547
573	2010-06-18	4	1	2	517
574	2010-06-20	4	3	2	958
575	2010-06-21	3	2	2	1008
576	2010-06-22	4	1	2	1383
577	2010-06-25	4	3	2	1049
578	2010-06-26	4	2	2	1195
579	2010-06-27	3	1	2	1152
580	2010-06-28	2	4	2	1080
581	2010-06-29	4	3	2	1164
582	2010-06-30	1	1	2	834
585	2010-06-05	3	4	3	1441
586	2010-06-07	3	0	3	1099
587	2010-06-08	1	1	3	748
588	2010-06-09	4	4	3	1480
589	2010-06-11	2	4	3	1299
590	2010-06-12	4	3	3	1382
591	2010-06-13	4	2	3	932
592	2010-06-14	4	0	3	816
593	2010-06-15	3	4	3	1352
595	2010-06-17	2	3	3	969
597	2010-06-20	2	2	3	1364
598	2010-06-21	1	2	3	994
599	2010-06-23	4	1	3	1497
600	2010-06-24	1	2	3	584
601	2010-06-27	3	3	3	535
602	2010-06-28	3	1	3	1146
604	2010-06-30	1	0	3	713
605	2010-06-02	3	4	4	1097
606	2010-06-05	2	2	4	1341
607	2010-06-07	3	1	4	995
609	2010-06-09	3	3	4	935
610	2010-06-12	3	1	4	834
611	2010-06-13	4	1	4	743
612	2010-06-14	4	1	4	1408
614	2010-06-16	4	3	4	1088
615	2010-06-18	3	3	4	728
616	2010-06-19	1	4	4	678
617	2010-06-20	2	1	4	978
618	2010-06-25	2	0	4	579
619	2010-06-27	0	0	4	1023
620	2010-06-30	1	0	4	851
621	2010-07-01	4	2	0	673
622	2010-07-02	0	2	0	606
623	2010-07-03	3	4	0	1209
625	2010-07-06	4	3	0	611
627	2010-07-09	1	2	0	870
628	2010-07-10	3	2	0	1149
629	2010-07-13	3	3	0	1168
632	2010-07-18	3	4	0	1406
633	2010-07-19	2	1	0	793
634	2010-07-20	3	3	0	864
635	2010-07-24	1	0	0	836
636	2010-07-26	3	2	0	1415
638	2010-07-28	3	4	0	1431
639	2010-07-29	4	0	0	960
640	2010-07-30	2	1	0	1019
641	2010-07-31	4	3	0	1347
642	2010-07-03	0	3	1	1248
643	2010-07-04	1	2	1	707
646	2010-07-08	4	2	1	1251
647	2010-07-10	1	4	1	1484
648	2010-07-12	4	3	1	1377
652	2010-07-16	1	2	1	683
653	2010-07-17	3	3	1	1369
654	2010-07-18	2	0	1	991
655	2010-07-19	4	3	1	1285
656	2010-07-21	3	3	1	1282
657	2010-07-22	1	3	1	586
658	2010-07-23	0	0	1	1357
661	2010-07-26	4	1	1	935
662	2010-07-27	4	2	1	777
663	2010-07-29	1	3	1	619
665	2010-07-01	3	3	2	853
667	2010-07-04	0	4	2	902
668	2010-07-06	3	3	2	1167
669	2010-07-07	3	2	2	1070
670	2010-07-08	3	1	2	1358
671	2010-07-10	2	4	2	1444
672	2010-07-11	4	4	2	1500
673	2010-07-13	4	0	2	1467
674	2010-07-14	1	2	2	788
675	2010-07-16	3	1	2	912
676	2010-07-17	3	3	2	937
677	2010-07-18	1	1	2	1302
678	2010-07-20	3	3	2	1170
679	2010-07-22	1	4	2	1484
681	2010-07-24	4	1	2	1249
682	2010-07-25	1	2	2	1247
683	2010-07-26	3	2	2	971
684	2010-07-28	3	1	2	1268
685	2010-07-29	3	4	2	813
686	2010-07-31	4	3	2	1284
687	2010-07-04	1	0	3	856
688	2010-07-05	4	2	3	1247
689	2010-07-06	1	3	3	593
690	2010-07-08	1	3	3	1405
692	2010-07-10	3	1	3	1360
693	2010-07-11	0	4	3	1016
694	2010-07-12	4	3	3	1335
695	2010-07-18	2	4	3	1390
696	2010-07-19	3	3	3	1286
698	2010-07-22	1	1	3	916
699	2010-07-23	2	3	3	1239
700	2010-07-24	2	1	3	1099
701	2010-07-25	2	0	3	778
703	2010-07-28	4	3	3	1007
704	2010-07-29	1	3	3	807
705	2010-07-30	4	2	3	942
707	2010-07-03	0	2	4	628
710	2010-07-09	2	4	4	788
711	2010-07-10	3	3	4	1398
712	2010-07-12	4	1	4	1009
714	2010-07-16	3	4	4	585
716	2010-07-19	2	3	4	1323
717	2010-07-20	2	2	4	962
718	2010-07-22	4	2	4	614
719	2010-07-24	3	2	4	1498
720	2010-07-26	1	2	4	1168
721	2010-07-27	1	0	4	847
722	2010-07-28	3	4	4	1159
723	2010-07-29	1	2	4	989
724	2010-07-30	3	2	4	865
725	2010-07-31	2	2	4	1454
726	2010-08-01	2	2	0	837
727	2010-08-02	1	2	0	1224
728	2010-08-03	4	4	0	1219
730	2010-08-05	2	2	0	1203
731	2010-08-07	2	4	0	1268
732	2010-08-08	4	1	0	1294
733	2010-08-10	4	4	0	640
735	2010-08-14	1	4	0	1380
737	2010-08-19	2	0	0	1308
738	2010-08-20	1	2	0	519
739	2010-08-21	3	1	0	1153
741	2010-08-23	0	4	0	1441
742	2010-08-24	0	3	0	892
743	2010-08-25	1	4	0	1467
744	2010-08-26	4	1	0	1490
745	2010-08-27	3	1	0	1149
746	2010-08-30	1	0	0	1220
747	2010-08-31	2	1	0	882
748	2010-08-01	4	1	1	1229
750	2010-08-03	1	3	1	674
751	2010-08-04	3	4	1	1116
752	2010-08-05	0	3	1	1025
754	2010-08-08	3	3	1	583
755	2010-08-10	0	3	1	1410
757	2010-08-13	2	2	1	964
758	2010-08-15	0	1	1	568
759	2010-08-17	3	2	1	860
760	2010-08-19	3	3	1	895
761	2010-08-20	4	2	1	1406
762	2010-08-21	3	0	1	1073
763	2010-08-23	4	1	1	1381
764	2010-08-24	4	1	1	1032
766	2010-08-28	0	4	1	584
767	2010-08-29	3	2	1	1306
768	2010-08-31	1	2	1	864
769	2010-08-02	4	3	2	1499
770	2010-08-04	1	2	2	953
771	2010-08-05	2	1	2	783
772	2010-08-06	2	3	2	778
773	2010-08-09	4	3	2	1323
774	2010-08-10	3	1	2	1430
775	2010-08-11	2	1	2	886
777	2010-08-16	2	4	2	598
778	2010-08-17	2	4	2	734
781	2010-08-21	2	0	2	1250
782	2010-08-22	2	3	2	1213
783	2010-08-23	3	3	2	561
784	2010-08-25	4	1	2	840
785	2010-08-26	4	2	2	981
786	2010-08-29	2	3	2	660
788	2010-08-31	1	1	2	1065
789	2010-08-01	4	2	3	1388
790	2010-08-02	0	3	3	653
791	2010-08-05	1	4	3	999
792	2010-08-07	2	3	3	1322
793	2010-08-09	4	4	3	1012
794	2010-08-10	4	3	3	529
797	2010-08-14	0	3	3	1127
798	2010-08-16	0	4	3	1326
799	2010-08-17	2	2	3	1064
800	2010-08-18	4	4	3	1394
801	2010-08-19	2	2	3	1399
802	2010-08-20	2	1	3	660
803	2010-08-22	1	4	3	1483
804	2010-08-23	3	4	3	742
805	2010-08-28	2	4	3	1362
806	2010-08-29	4	3	3	588
807	2010-08-30	2	4	3	719
808	2010-08-31	2	4	3	739
809	2010-08-01	4	1	4	675
810	2010-08-02	2	3	4	611
811	2010-08-04	4	3	4	1192
812	2010-08-05	1	1	4	590
814	2010-08-09	0	4	4	889
815	2010-08-10	0	2	4	659
816	2010-08-12	2	4	4	1077
817	2010-08-13	1	0	4	1290
818	2010-08-15	4	3	4	811
819	2010-08-16	1	4	4	540
820	2010-08-17	4	1	4	943
821	2010-08-18	4	4	4	863
822	2010-08-20	4	4	4	618
823	2010-08-21	0	1	4	1081
824	2010-08-23	3	1	4	1286
826	2010-08-25	2	0	4	1389
827	2010-08-28	4	0	4	758
828	2010-08-29	4	0	4	928
829	2010-08-30	3	3	4	674
830	2010-08-31	3	1	4	1024
831	2010-09-01	0	2	0	1182
832	2010-09-03	3	2	0	634
833	2010-09-04	0	3	0	1355
834	2010-09-06	2	4	0	742
835	2010-09-07	0	4	0	1190
836	2010-09-08	4	4	0	1038
837	2010-09-09	0	0	0	1137
838	2010-09-10	3	2	0	851
839	2010-09-12	3	2	0	933
841	2010-09-16	1	3	0	512
842	2010-09-17	4	4	0	1011
843	2010-09-18	4	1	0	737
844	2010-09-20	4	0	0	636
845	2010-09-21	1	3	0	707
847	2010-09-23	3	3	0	629
848	2010-09-25	3	2	0	686
850	2010-09-28	2	4	0	862
851	2010-09-29	2	4	0	1162
853	2010-09-02	2	1	1	1319
854	2010-09-03	0	1	1	1190
855	2010-09-05	3	1	1	659
856	2010-09-06	3	1	1	512
857	2010-09-07	3	3	1	967
858	2010-09-08	1	1	1	1318
860	2010-09-11	3	4	1	1334
861	2010-09-12	4	1	1	790
862	2010-09-13	2	4	1	789
863	2010-09-14	3	3	1	927
864	2010-09-15	4	2	1	779
865	2010-09-16	4	4	1	1470
866	2010-09-17	2	4	1	1386
867	2010-09-18	4	2	1	768
868	2010-09-19	2	4	1	708
869	2010-09-21	1	2	1	615
870	2010-09-22	3	2	1	624
871	2010-09-23	2	1	1	606
872	2010-09-25	4	4	1	1006
873	2010-09-26	4	1	1	818
874	2010-09-30	0	4	1	1150
876	2010-09-02	2	3	2	678
877	2010-09-03	3	1	2	737
878	2010-09-04	4	1	2	838
879	2010-09-06	4	2	2	1144
880	2010-09-07	1	2	2	1058
881	2010-09-08	2	1	2	972
883	2010-09-13	1	4	2	1210
884	2010-09-15	0	2	2	928
886	2010-09-18	3	2	2	1241
887	2010-09-19	4	2	2	1393
888	2010-09-20	4	4	2	1407
890	2010-09-23	3	3	2	880
891	2010-09-24	3	3	2	515
893	2010-09-26	1	3	2	1152
894	2010-09-27	2	4	2	1214
895	2010-09-28	0	2	2	777
896	2010-09-29	2	4	2	990
897	2010-09-30	3	3	2	1339
898	2010-09-01	3	1	3	1088
899	2010-09-02	3	3	3	720
900	2010-09-03	4	4	3	1123
901	2010-09-04	2	4	3	587
902	2010-09-05	0	2	3	1338
903	2010-09-06	3	4	3	1255
904	2010-09-07	0	4	3	977
905	2010-09-09	3	1	3	1245
906	2010-09-10	3	2	3	1148
908	2010-09-14	0	2	3	667
909	2010-09-18	3	0	3	1234
910	2010-09-20	4	2	3	584
911	2010-09-21	2	2	3	1205
912	2010-09-23	1	3	3	1339
914	2010-09-26	2	1	3	1306
915	2010-09-27	4	4	3	1174
916	2010-09-28	3	3	3	1273
917	2010-09-29	3	1	3	571
918	2010-09-01	3	0	4	1242
919	2010-09-03	0	3	4	1056
920	2010-09-04	2	4	4	1448
921	2010-09-06	2	4	4	925
922	2010-09-07	4	4	4	980
923	2010-09-08	0	2	4	1462
925	2010-09-10	2	0	4	546
926	2010-09-11	3	1	4	1231
927	2010-09-13	4	2	4	659
928	2010-09-14	3	2	4	1437
929	2010-09-17	3	1	4	1438
930	2010-09-18	3	0	4	804
931	2010-09-19	4	4	4	576
932	2010-09-21	4	4	4	1007
933	2010-09-22	4	1	4	1478
936	2010-09-26	4	1	4	577
937	2010-09-27	0	2	4	1455
939	2010-10-01	1	4	0	1110
940	2010-10-02	4	3	0	560
941	2010-10-03	4	2	0	570
942	2010-10-04	2	3	0	736
943	2010-10-05	2	2	0	715
944	2010-10-06	4	3	0	774
946	2010-10-08	3	2	0	1061
948	2010-10-10	0	3	0	842
949	2010-10-11	1	1	0	560
950	2010-10-12	2	3	0	536
951	2010-10-13	3	3	0	898
953	2010-10-15	2	4	0	911
954	2010-10-16	4	3	0	660
955	2010-10-17	0	1	0	789
956	2010-10-18	3	4	0	965
957	2010-10-19	1	4	0	1305
959	2010-10-22	4	4	0	1121
962	2010-10-26	4	2	0	655
963	2010-10-28	1	2	0	977
964	2010-10-29	4	3	0	1166
965	2010-10-30	1	3	0	1283
966	2010-10-31	1	3	0	1065
967	2010-10-01	4	1	1	1203
968	2010-10-02	2	4	1	1189
969	2010-10-03	0	3	1	812
970	2010-10-04	4	4	1	685
972	2010-10-08	1	4	1	825
973	2010-10-09	3	1	1	504
974	2010-10-10	4	4	1	1306
975	2010-10-11	1	4	1	1160
976	2010-10-12	0	4	1	1318
977	2010-10-14	1	2	1	688
978	2010-10-15	1	3	1	1353
981	2010-10-20	1	1	1	1222
982	2010-10-21	1	3	1	546
983	2010-10-22	2	2	1	1043
984	2010-10-23	3	4	1	1123
986	2010-10-25	2	3	1	1249
987	2010-10-27	0	4	1	1431
988	2010-10-28	1	4	1	1358
989	2010-10-29	4	2	1	941
990	2010-10-30	1	1	1	1426
991	2010-10-01	1	3	2	1082
992	2010-10-02	1	1	2	1190
993	2010-10-04	4	2	2	1407
994	2010-10-06	4	0	2	937
995	2010-10-07	2	4	2	1120
997	2010-10-09	3	3	2	609
998	2010-10-13	2	3	2	539
1000	2010-10-16	3	3	2	718
1001	2010-10-17	4	0	2	783
1002	2010-10-18	1	1	2	1435
1003	2010-10-20	4	2	2	1040
1005	2010-10-22	4	2	2	981
1006	2010-10-25	3	0	2	569
1007	2010-10-26	3	2	2	1492
1008	2010-10-27	2	2	2	1221
1009	2010-10-28	4	1	2	701
1010	2010-10-30	0	3	2	1415
1011	2010-10-31	3	1	2	1041
1012	2010-10-02	2	0	3	798
1014	2010-10-04	2	1	3	1280
1015	2010-10-05	1	1	3	729
1017	2010-10-07	4	0	3	892
1020	2010-10-10	0	0	3	910
1022	2010-10-12	2	2	3	1313
1023	2010-10-14	2	3	3	795
1026	2010-10-20	4	4	3	1157
1027	2010-10-22	4	2	3	893
1028	2010-10-24	0	4	3	581
1029	2010-10-28	3	3	3	1481
1031	2010-10-30	4	3	3	741
1033	2010-10-06	4	2	4	1277
1034	2010-10-07	2	2	4	928
1035	2010-10-08	1	3	4	631
1036	2010-10-10	0	0	4	937
1037	2010-10-11	1	4	4	619
1038	2010-10-13	1	2	4	1300
1039	2010-10-15	3	1	4	599
1040	2010-10-18	4	2	4	978
1041	2010-10-20	3	0	4	1288
1042	2010-10-21	3	0	4	676
1043	2010-10-22	1	3	4	831
1044	2010-10-23	3	1	4	581
1045	2010-10-25	1	2	4	846
1046	2010-10-26	4	1	4	1052
1047	2010-10-27	0	2	4	695
1048	2010-10-28	0	4	4	720
1052	2010-11-02	1	0	0	1185
1054	2010-11-04	0	1	0	711
1055	2010-11-05	0	3	0	826
1056	2010-11-06	1	3	0	1472
1057	2010-11-07	2	4	0	1050
1058	2010-11-08	4	4	0	783
1059	2010-11-09	3	2	0	914
1060	2010-11-10	1	1	0	1014
1061	2010-11-11	3	4	0	945
1062	2010-11-16	3	1	0	1456
1064	2010-11-18	4	1	0	1353
1066	2010-11-20	2	0	0	1121
1067	2010-11-22	3	4	0	1356
1069	2010-11-28	1	0	0	642
1070	2010-11-29	0	1	0	821
1071	2010-11-30	1	0	0	799
1073	2010-11-03	3	1	1	554
1074	2010-11-05	3	4	1	838
1075	2010-11-06	1	0	1	640
1076	2010-11-07	1	1	1	1434
1077	2010-11-09	0	1	1	1187
1078	2010-11-10	4	2	1	1065
1080	2010-11-13	2	0	1	1094
1081	2010-11-14	4	3	1	819
1083	2010-11-17	3	1	1	1016
1084	2010-11-19	2	3	1	645
1085	2010-11-20	3	3	1	1127
1087	2010-11-22	2	4	1	1118
1089	2010-11-25	1	2	1	985
1090	2010-11-28	2	3	1	577
1091	2010-11-29	2	1	1	894
1092	2010-11-30	3	4	1	1038
1093	2010-11-01	2	4	2	551
1094	2010-11-02	2	1	2	897
1095	2010-11-03	4	2	2	1466
1096	2010-11-05	0	3	2	1206
1097	2010-11-08	2	3	2	1293
1098	2010-11-09	4	4	2	1145
1099	2010-11-10	3	2	2	502
1100	2010-11-16	4	2	2	782
1101	2010-11-18	0	1	2	550
1102	2010-11-19	2	2	2	986
1103	2010-11-21	3	4	2	897
1106	2010-11-24	3	0	2	1442
1107	2010-11-25	2	1	2	1340
1108	2010-11-26	1	4	2	1414
1109	2010-11-28	3	0	2	716
1110	2010-11-30	1	4	2	594
1111	2010-11-01	3	2	3	957
1112	2010-11-02	2	3	3	1366
1113	2010-11-06	2	1	3	1200
1114	2010-11-07	4	3	3	1002
1116	2010-11-09	1	2	3	1027
1119	2010-11-12	4	2	3	821
1120	2010-11-13	3	4	3	509
1121	2010-11-14	4	1	3	761
1122	2010-11-15	1	4	3	846
1124	2010-11-20	4	4	3	1246
1125	2010-11-25	2	1	3	640
1126	2010-11-26	0	2	3	847
1128	2010-11-28	1	1	3	819
1130	2010-11-02	1	3	4	1412
1131	2010-11-03	1	4	4	1074
1132	2010-11-07	3	3	4	701
1135	2010-11-10	4	4	4	754
1136	2010-11-11	2	4	4	848
1137	2010-11-13	1	3	4	1282
1138	2010-11-14	2	2	4	1194
1139	2010-11-15	0	2	4	1130
1140	2010-11-17	4	2	4	1343
1141	2010-11-24	1	3	4	755
1142	2010-11-25	2	4	4	1362
1143	2010-11-28	3	3	4	1407
1144	2010-11-29	0	2	4	1243
1146	2010-12-01	1	2	0	824
1147	2010-12-03	4	3	0	996
1148	2010-12-04	4	1	0	1319
1149	2010-12-05	4	4	0	1109
1150	2010-12-06	2	4	0	688
1152	2010-12-08	2	3	0	1451
1153	2010-12-09	1	1	0	1304
1154	2010-12-10	4	1	0	896
1156	2010-12-13	4	1	0	940
1157	2010-12-16	1	1	0	745
1158	2010-12-19	4	0	0	1177
1159	2010-12-20	2	2	0	1378
1160	2010-12-21	0	2	0	656
1161	2010-12-22	0	4	0	670
1162	2010-12-23	3	4	0	950
1163	2010-12-24	4	3	0	951
1164	2010-12-25	3	3	0	820
1165	2010-12-26	1	4	0	575
1167	2010-12-28	4	4	0	1011
1168	2010-12-29	2	1	0	771
1170	2010-12-31	3	1	0	555
1171	2010-12-01	4	1	1	866
1173	2010-12-03	3	1	1	1460
1174	2010-12-04	2	2	1	801
1175	2010-12-05	0	2	1	790
1178	2010-12-08	3	2	1	1131
1179	2010-12-09	4	4	1	1017
1180	2010-12-10	2	4	1	1409
1181	2010-12-11	4	1	1	1164
1182	2010-12-12	3	1	1	681
1183	2010-12-14	0	2	1	842
1184	2010-12-15	3	2	1	1138
1186	2010-12-18	2	2	1	749
1187	2010-12-19	3	1	1	1396
1188	2010-12-20	3	1	1	1346
1189	2010-12-22	3	3	1	1384
1191	2010-12-26	1	3	1	661
1193	2010-12-30	0	0	1	1326
1194	2010-12-31	3	3	1	1138
1195	2010-12-02	2	4	2	1227
1196	2010-12-04	0	3	2	683
1198	2010-12-06	1	2	2	827
1199	2010-12-07	3	3	2	698
1200	2010-12-08	4	3	2	1388
1201	2010-12-10	4	1	2	769
1202	2010-12-11	2	2	2	1268
1203	2010-12-13	4	4	2	1280
1204	2010-12-14	1	3	2	886
1205	2010-12-15	1	3	2	1430
1207	2010-12-18	3	0	2	1367
1208	2010-12-19	0	1	2	1226
1209	2010-12-21	4	2	2	1117
1210	2010-12-22	3	2	2	1041
1211	2010-12-23	1	2	2	1351
1212	2010-12-24	0	0	2	651
1214	2010-12-27	2	1	2	634
1215	2010-12-28	4	2	2	1254
1216	2010-12-01	3	0	3	762
1217	2010-12-03	2	3	3	861
1218	2010-12-05	2	3	3	1485
1219	2010-12-06	0	0	3	605
1220	2010-12-08	2	3	3	724
1221	2010-12-09	1	3	3	995
1222	2010-12-10	0	2	3	789
1223	2010-12-11	1	3	3	1269
1224	2010-12-13	2	2	3	953
1225	2010-12-14	2	1	3	685
1226	2010-12-15	1	4	3	553
1228	2010-12-20	1	3	3	1085
1230	2010-12-24	3	4	3	1381
1231	2010-12-25	2	1	3	623
1232	2010-12-26	1	1	3	1111
1233	2010-12-28	1	4	3	1009
1234	2010-12-30	2	1	3	1083
1235	2010-12-31	1	2	3	940
1236	2010-12-01	3	1	4	1239
1237	2010-12-03	0	3	4	1136
1239	2010-12-06	0	0	4	1417
1240	2010-12-10	2	1	4	857
1241	2010-12-11	3	2	4	1108
1242	2010-12-12	3	2	4	928
1243	2010-12-13	3	4	4	1419
1244	2010-12-14	3	0	4	919
1245	2010-12-18	3	3	4	1011
1246	2010-12-22	0	3	4	1135
1247	2010-12-23	3	4	4	1003
1248	2010-12-25	2	4	4	1096
1249	2010-12-27	1	2	4	543
1250	2010-12-28	2	4	4	873
1251	2010-12-30	1	3	4	520
1253	2011-01-02	1	1	0	535
1254	2011-01-03	1	2	0	1447
1255	2011-01-06	4	1	0	689
1256	2011-01-07	3	1	0	1452
1257	2011-01-08	4	4	0	1087
1258	2011-01-09	2	1	0	1311
1259	2011-01-10	4	0	0	1288
1262	2011-01-13	3	4	0	714
1263	2011-01-14	4	1	0	810
1264	2011-01-15	4	3	0	1409
1265	2011-01-16	1	3	0	1225
1267	2011-01-19	2	2	0	628
1268	2011-01-21	4	2	0	1358
1269	2011-01-23	1	2	0	610
1270	2011-01-24	2	3	0	735
1271	2011-01-28	4	0	0	501
1272	2011-01-29	4	2	0	1014
1273	2011-01-30	2	3	0	861
1274	2011-01-31	2	3	0	1019
1275	2011-01-03	1	4	1	667
1276	2011-01-04	1	4	1	901
1277	2011-01-05	2	2	1	728
1279	2011-01-07	2	1	1	1012
1280	2011-01-08	2	1	1	841
1282	2011-01-10	2	0	1	825
1283	2011-01-12	4	1	1	1334
1284	2011-01-13	0	1	1	501
1285	2011-01-16	3	0	1	594
1286	2011-01-17	3	4	1	1299
1287	2011-01-19	0	2	1	814
1288	2011-01-21	2	2	1	1348
1289	2011-01-23	1	3	1	1495
1290	2011-01-27	1	3	1	1116
1291	2011-01-28	4	3	1	1362
1292	2011-01-31	2	4	1	793
1293	2011-01-01	4	0	2	581
1294	2011-01-03	1	1	2	807
1295	2011-01-04	1	1	2	1026
1296	2011-01-05	4	3	2	1434
1297	2011-01-07	1	3	2	1374
1298	2011-01-08	4	1	2	1097
1300	2011-01-10	3	0	2	734
1301	2011-01-12	3	2	2	732
1302	2011-01-13	3	1	2	860
1303	2011-01-14	1	3	2	555
1304	2011-01-15	1	3	2	522
1307	2011-01-20	3	0	2	1289
1308	2011-01-21	3	4	2	1016
1310	2011-01-23	3	2	2	510
1311	2011-01-24	4	2	2	944
1312	2011-01-25	2	1	2	897
1313	2011-01-26	2	2	2	591
1314	2011-01-27	4	3	2	855
1316	2011-01-30	4	0	2	569
1317	2011-01-31	4	0	2	712
1318	2011-01-01	3	0	3	1256
1322	2011-01-06	4	2	3	1137
1323	2011-01-07	1	3	3	1150
1325	2011-01-09	2	1	3	1166
1326	2011-01-10	2	0	3	1186
1328	2011-01-12	3	3	3	806
1330	2011-01-14	0	2	3	1289
1331	2011-01-15	4	0	3	1211
1335	2011-01-22	4	4	3	1323
1336	2011-01-23	4	3	3	1463
1337	2011-01-26	3	0	3	868
1338	2011-01-27	2	4	3	1145
1339	2011-01-29	4	0	3	1246
1340	2011-01-31	1	1	3	1247
1341	2011-01-02	3	4	4	514
1342	2011-01-05	3	2	4	1425
1343	2011-01-08	1	1	4	1272
1344	2011-01-10	1	2	4	1054
1345	2011-01-11	1	4	4	1283
1346	2011-01-12	3	4	4	1256
1347	2011-01-14	1	2	4	1388
1348	2011-01-15	4	4	4	1300
1349	2011-01-17	1	1	4	1452
1350	2011-01-18	1	4	4	1377
1351	2011-01-24	1	1	4	928
1352	2011-01-25	3	3	4	567
1353	2011-01-26	1	0	4	518
1354	2011-01-27	2	0	4	1058
1355	2011-01-28	2	3	4	840
1356	2011-01-29	3	1	4	1144
1357	2011-02-03	4	3	0	571
1358	2011-02-04	0	4	0	1439
1359	2011-02-05	1	3	0	1314
1360	2011-02-06	4	2	0	1301
1361	2011-02-08	1	3	0	1454
1363	2011-02-11	4	1	0	950
1364	2011-02-13	2	1	0	1226
1365	2011-02-14	2	3	0	1055
1366	2011-02-16	2	2	0	1142
1367	2011-02-17	0	1	0	1221
1371	2011-02-22	2	3	0	1289
1372	2011-02-25	1	3	0	580
1373	2011-02-26	2	1	0	563
1374	2011-02-27	1	0	0	953
1375	2011-02-28	1	0	0	1166
1376	2011-02-01	2	1	1	909
1377	2011-02-02	2	4	1	734
1378	2011-02-03	0	0	1	1092
1380	2011-02-05	4	4	1	898
1381	2011-02-06	1	0	1	1236
1383	2011-02-11	2	0	1	874
1384	2011-02-13	3	1	1	537
1385	2011-02-16	1	2	1	1132
1386	2011-02-17	2	0	1	852
1387	2011-02-18	1	4	1	1313
1388	2011-02-20	2	2	1	833
1389	2011-02-21	0	1	1	937
1390	2011-02-22	4	4	1	1344
1391	2011-02-24	4	4	1	1071
1392	2011-02-26	3	1	1	783
1394	2011-02-28	2	2	1	734
1396	2011-02-02	2	0	2	1064
1397	2011-02-05	4	3	2	1136
1398	2011-02-07	4	2	2	1260
1399	2011-02-08	0	4	2	581
1400	2011-02-09	3	3	2	1437
1401	2011-02-10	3	3	2	1106
1402	2011-02-13	1	0	2	906
1403	2011-02-14	4	1	2	1009
1404	2011-02-15	4	0	2	977
1408	2011-02-23	1	3	2	525
1409	2011-02-24	4	4	2	768
1410	2011-02-25	3	1	2	1497
1411	2011-02-26	0	1	2	785
1412	2011-02-27	0	4	2	1415
1413	2011-02-28	0	1	2	1197
1414	2011-02-02	2	3	3	1171
1417	2011-02-09	2	1	3	677
1420	2011-02-20	4	2	3	960
1422	2011-02-22	0	1	3	1422
1423	2011-02-25	4	3	3	1289
1424	2011-02-26	3	1	3	1203
1425	2011-02-27	1	3	3	1115
1426	2011-02-01	0	3	4	1448
1427	2011-02-06	1	1	4	1488
1428	2011-02-07	2	4	4	671
1429	2011-02-08	4	1	4	1385
1430	2011-02-09	1	2	4	1141
1431	2011-02-10	0	1	4	1391
1432	2011-02-11	0	2	4	1044
1434	2011-02-13	2	4	4	1470
1436	2011-02-15	0	1	4	998
1437	2011-02-18	2	3	4	1109
1438	2011-02-19	2	0	4	1128
1439	2011-02-21	3	2	4	1427
1440	2011-02-22	4	3	4	860
1441	2011-02-24	3	1	4	523
1442	2011-02-25	2	1	4	708
1443	2011-02-26	1	3	4	619
1444	2011-02-28	3	4	4	1159
1445	2011-03-02	0	1	0	1007
1446	2011-03-03	1	3	0	975
1447	2011-03-04	3	0	0	626
1448	2011-03-05	4	1	0	521
1449	2011-03-06	1	4	0	936
1450	2011-03-07	4	1	0	1286
1452	2011-03-12	2	4	0	722
1454	2011-03-14	0	1	0	748
1455	2011-03-15	0	3	0	1390
1456	2011-03-19	0	3	0	865
1457	2011-03-20	2	2	0	903
1458	2011-03-21	3	3	0	1126
1459	2011-03-22	2	4	0	684
1460	2011-03-23	0	1	0	552
1461	2011-03-24	2	2	0	766
1462	2011-03-25	0	2	0	892
1463	2011-03-26	4	4	0	1208
1464	2011-03-27	0	1	0	1373
1466	2011-03-29	3	2	0	1126
1467	2011-03-30	3	2	0	555
1468	2011-03-31	4	4	0	1180
1469	2011-03-01	2	0	1	1289
1470	2011-03-02	2	1	1	1306
1471	2011-03-03	0	0	1	675
1472	2011-03-04	0	3	1	995
1473	2011-03-05	2	4	1	946
1474	2011-03-07	4	4	1	611
1476	2011-03-10	2	3	1	1472
1477	2011-03-11	4	2	1	1419
1478	2011-03-12	1	3	1	1276
1479	2011-03-13	2	3	1	1256
1480	2011-03-14	4	2	1	1253
1481	2011-03-15	3	4	1	1035
1483	2011-03-18	4	2	1	942
1484	2011-03-19	3	4	1	691
1485	2011-03-20	1	3	1	1242
1486	2011-03-21	2	4	1	1020
1487	2011-03-22	2	4	1	927
1488	2011-03-23	2	1	1	1219
1489	2011-03-24	1	3	1	1215
1490	2011-03-25	4	1	1	710
1491	2011-03-26	4	4	1	648
1493	2011-03-28	1	4	1	590
1494	2011-03-29	3	3	1	807
1495	2011-03-30	4	1	1	658
1496	2011-03-31	0	4	1	798
1497	2011-03-01	4	3	2	868
1498	2011-03-02	2	1	2	1034
1499	2011-03-03	2	2	2	1275
1500	2011-03-04	1	1	2	1339
1502	2011-03-07	4	4	2	574
1504	2011-03-09	2	2	2	1256
1505	2011-03-10	2	4	2	574
1506	2011-03-11	1	0	2	526
1507	2011-03-12	4	2	2	832
1508	2011-03-13	1	3	2	1201
1509	2011-03-14	4	2	2	598
1510	2011-03-15	1	4	2	817
1511	2011-03-16	1	2	2	772
1513	2011-03-19	3	4	2	1210
1514	2011-03-20	0	2	2	735
1515	2011-03-21	4	1	2	1343
1516	2011-03-22	2	3	2	646
1517	2011-03-23	2	3	2	1178
1518	2011-03-24	3	2	2	1188
1519	2011-03-25	1	1	2	1242
1520	2011-03-29	4	2	2	1181
1521	2011-03-30	4	0	2	621
1523	2011-03-03	1	4	3	784
1525	2011-03-05	2	3	3	689
1526	2011-03-06	4	4	3	747
1527	2011-03-09	1	0	3	691
1528	2011-03-10	2	1	3	1462
1529	2011-03-11	3	3	3	1315
1530	2011-03-12	4	1	3	1348
1531	2011-03-13	0	0	3	1154
1532	2011-03-15	2	4	3	1023
1533	2011-03-16	2	4	3	1244
1535	2011-03-19	1	0	3	534
1536	2011-03-21	1	1	3	1248
1537	2011-03-22	2	4	3	1253
1539	2011-03-24	1	1	3	1421
1540	2011-03-25	4	4	3	552
1541	2011-03-26	0	4	3	776
1542	2011-03-27	1	1	3	996
1543	2011-03-01	3	4	4	1431
1544	2011-03-02	3	4	4	1125
1546	2011-03-04	4	4	4	1079
1547	2011-03-05	2	2	4	677
1548	2011-03-06	4	3	4	1331
1549	2011-03-07	1	4	4	583
1550	2011-03-08	2	2	4	1056
1551	2011-03-11	0	4	4	641
1552	2011-03-12	3	4	4	1142
1553	2011-03-13	4	3	4	944
1554	2011-03-14	1	3	4	679
1555	2011-03-15	2	3	4	523
1556	2011-03-19	1	1	4	516
1557	2011-03-20	0	4	4	1045
1558	2011-03-21	1	2	4	1305
1559	2011-03-23	4	4	4	1058
1560	2011-03-24	3	4	4	839
1561	2011-03-25	3	4	4	953
1562	2011-03-26	2	4	4	713
1563	2011-03-29	1	0	4	922
1564	2011-03-30	2	1	4	749
1565	2011-03-31	4	4	4	712
1566	2011-04-02	3	3	0	819
1567	2011-04-03	1	2	0	685
1568	2011-04-04	0	4	0	1289
1569	2011-04-05	3	1	0	1021
1571	2011-04-07	4	4	0	617
1572	2011-04-09	1	1	0	775
1573	2011-04-10	2	2	0	810
1574	2011-04-12	2	3	0	580
1576	2011-04-14	3	1	0	687
1577	2011-04-15	1	3	0	1203
1578	2011-04-18	3	3	0	757
1579	2011-04-19	4	4	0	1350
1580	2011-04-20	2	4	0	584
1582	2011-04-22	2	2	0	859
1586	2011-04-27	0	3	0	1128
1587	2011-04-29	1	2	0	523
1588	2011-04-30	4	0	0	618
1589	2011-04-01	3	3	1	535
1590	2011-04-02	3	2	1	625
1591	2011-04-03	4	4	1	1028
1593	2011-04-05	3	4	1	697
1594	2011-04-07	3	4	1	1013
1596	2011-04-10	4	2	1	801
1597	2011-04-12	4	1	1	875
1598	2011-04-13	0	3	1	1214
1600	2011-04-17	4	1	1	686
1601	2011-04-19	4	2	1	523
1602	2011-04-20	3	4	1	1450
1603	2011-04-23	2	3	1	527
1604	2011-04-24	4	3	1	1209
1605	2011-04-27	1	2	1	629
1606	2011-04-28	2	1	1	1427
1609	2011-04-04	4	2	2	625
1610	2011-04-06	1	3	2	1494
1611	2011-04-07	4	4	2	1285
1612	2011-04-09	1	1	2	1232
1613	2011-04-10	3	0	2	956
1615	2011-04-13	4	4	2	1191
1616	2011-04-14	3	1	2	1479
1617	2011-04-15	1	0	2	1489
1618	2011-04-17	1	3	2	1248
1619	2011-04-18	1	1	2	1222
1621	2011-04-21	2	4	2	1371
1622	2011-04-22	1	1	2	1140
1624	2011-04-25	4	4	2	1067
1625	2011-04-26	4	1	2	1023
1626	2011-04-27	1	2	2	1044
1627	2011-04-28	4	1	2	1121
1628	2011-04-29	2	3	2	643
1629	2011-04-30	2	4	2	562
1630	2011-04-01	4	3	3	888
1631	2011-04-03	2	4	3	1030
1632	2011-04-04	4	3	3	657
1633	2011-04-07	0	2	3	1243
1634	2011-04-10	4	3	3	1197
1635	2011-04-11	1	1	3	629
1636	2011-04-15	2	3	3	1142
1637	2011-04-16	3	2	3	1232
1638	2011-04-19	2	1	3	659
1640	2011-04-22	0	1	3	1151
1641	2011-04-23	4	3	3	650
1642	2011-04-24	0	3	3	1070
1643	2011-04-25	2	0	3	524
1644	2011-04-26	0	4	3	536
1646	2011-04-29	3	2	3	996
1647	2011-04-05	3	1	4	1359
1648	2011-04-06	2	1	4	1404
1649	2011-04-07	3	2	4	1150
1651	2011-04-10	4	0	4	959
1652	2011-04-11	0	1	4	1143
1653	2011-04-12	4	4	4	1440
1654	2011-04-13	2	0	4	1457
1655	2011-04-15	1	4	4	1406
1656	2011-04-16	4	3	4	1388
1658	2011-04-18	4	4	4	726
1659	2011-04-19	1	1	4	588
1660	2011-04-20	2	3	4	932
1661	2011-04-22	3	4	4	1085
1662	2011-04-24	0	2	4	1462
1664	2011-04-28	3	3	4	1354
1666	2011-04-30	3	2	4	519
1667	2011-05-01	4	2	0	836
1670	2011-05-07	1	1	0	1493
1673	2011-05-12	4	3	0	1062
1674	2011-05-15	3	4	0	1181
1675	2011-05-18	1	1	0	1396
1676	2011-05-19	3	3	0	1236
1677	2011-05-24	3	1	0	757
1678	2011-05-25	1	1	0	1107
1679	2011-05-26	2	1	0	1083
1680	2011-05-27	3	1	0	658
1681	2011-05-29	4	0	0	1016
1682	2011-05-30	1	3	0	1397
1683	2011-05-02	4	4	1	526
1684	2011-05-03	3	2	1	1090
1685	2011-05-04	3	2	1	1495
1686	2011-05-05	0	0	1	920
1687	2011-05-06	1	4	1	695
1690	2011-05-09	1	1	1	1465
1691	2011-05-10	3	1	1	923
1692	2011-05-12	2	3	1	838
1693	2011-05-14	3	1	1	535
1695	2011-05-17	4	3	1	1310
1697	2011-05-19	3	2	1	640
1698	2011-05-20	4	2	1	782
1699	2011-05-21	2	3	1	898
1700	2011-05-22	3	4	1	902
1702	2011-05-28	3	1	1	953
1703	2011-05-29	4	1	1	1014
1704	2011-05-30	1	0	1	551
1705	2011-05-31	1	0	1	1230
1706	2011-05-01	0	2	2	1333
1707	2011-05-02	2	3	2	1186
1708	2011-05-03	1	2	2	1172
1709	2011-05-04	3	0	2	1003
1710	2011-05-05	2	4	2	1311
1711	2011-05-06	1	1	2	1299
1713	2011-05-10	4	1	2	1096
1714	2011-05-11	4	4	2	1467
1715	2011-05-12	4	1	2	1328
1717	2011-05-16	2	3	2	1213
1718	2011-05-17	3	1	2	969
1719	2011-05-18	4	2	2	1306
1720	2011-05-19	4	2	2	1262
1721	2011-05-20	4	0	2	1394
1722	2011-05-26	4	0	2	914
1723	2011-05-27	4	2	2	1446
1724	2011-05-28	2	1	2	970
1725	2011-05-30	0	1	2	900
1726	2011-05-01	4	2	3	1480
1727	2011-05-03	3	4	3	1206
1728	2011-05-04	3	2	3	1185
1729	2011-05-05	2	4	3	1425
1731	2011-05-08	1	4	3	1252
1732	2011-05-09	4	4	3	937
1733	2011-05-10	4	2	3	865
1734	2011-05-11	0	2	3	1245
1735	2011-05-13	2	2	3	625
1736	2011-05-14	1	2	3	1462
1737	2011-05-16	2	2	3	1200
1739	2011-05-19	2	2	3	1086
1740	2011-05-21	3	2	3	740
1741	2011-05-22	4	3	3	1083
1742	2011-05-23	2	1	3	1032
1744	2011-05-26	1	2	3	1326
1745	2011-05-28	4	4	3	604
1746	2011-05-29	3	4	3	786
1747	2011-05-31	4	3	3	1485
1749	2011-05-02	2	1	4	962
1752	2011-05-06	4	1	4	1428
1753	2011-05-08	2	3	4	531
1754	2011-05-09	4	0	4	1126
1756	2011-05-11	3	2	4	1265
1757	2011-05-13	2	1	4	821
1759	2011-05-15	2	4	4	967
1760	2011-05-17	4	4	4	507
1761	2011-05-18	3	2	4	696
1763	2011-05-21	2	1	4	509
1765	2011-05-23	1	0	4	968
1766	2011-05-24	3	0	4	967
1767	2011-05-25	2	4	4	1267
1769	2011-05-29	0	4	4	947
1770	2011-05-31	2	3	4	1033
1771	2011-06-01	2	1	0	679
1772	2011-06-02	1	2	0	535
1773	2011-06-05	2	2	0	846
1774	2011-06-07	3	2	0	699
1775	2011-06-08	0	4	0	808
1777	2011-06-11	1	4	0	1207
1778	2011-06-12	2	3	0	1241
1779	2011-06-14	1	0	0	1083
1780	2011-06-15	3	1	0	501
1781	2011-06-16	1	2	0	1121
1783	2011-06-20	4	2	0	513
1784	2011-06-21	1	3	0	730
1785	2011-06-22	1	3	0	1361
1788	2011-06-25	3	2	0	819
1789	2011-06-26	3	4	0	903
1790	2011-06-27	4	0	0	1073
1791	2011-06-28	2	2	0	559
1795	2011-06-02	4	1	1	867
1796	2011-06-05	1	1	1	1171
1797	2011-06-06	0	4	1	1234
1798	2011-06-07	4	1	1	917
1799	2011-06-11	4	2	1	676
1800	2011-06-16	1	3	1	1430
1801	2011-06-17	4	4	1	1377
1803	2011-06-20	3	0	1	1139
1804	2011-06-21	1	0	1	777
1805	2011-06-22	1	4	1	1315
1806	2011-06-25	4	1	1	1479
1808	2011-06-27	2	4	1	1208
1810	2011-06-29	1	1	1	1211
1813	2011-06-06	3	4	2	573
1816	2011-06-09	0	4	2	693
1819	2011-06-12	2	0	2	1301
1820	2011-06-13	2	1	2	553
1821	2011-06-14	2	2	2	1409
1822	2011-06-15	4	3	2	726
1823	2011-06-16	2	2	2	982
1824	2011-06-22	2	1	2	1377
1825	2011-06-23	4	4	2	1010
1827	2011-06-25	0	2	2	935
1828	2011-06-26	1	3	2	718
1829	2011-06-30	1	3	2	867
1832	2011-06-04	4	0	3	1326
1833	2011-06-05	2	3	3	1289
1834	2011-06-06	3	3	3	1287
1835	2011-06-07	1	3	3	1391
1836	2011-06-08	0	1	3	1028
1837	2011-06-09	3	3	3	706
1838	2011-06-12	3	2	3	923
1839	2011-06-13	0	1	3	541
1840	2011-06-14	3	4	3	1346
1841	2011-06-16	3	4	3	1100
1842	2011-06-18	3	1	3	521
1843	2011-06-19	1	3	3	1025
1845	2011-06-21	2	4	3	603
1846	2011-06-22	1	0	3	1402
1847	2011-06-23	3	3	3	510
1848	2011-06-24	1	1	3	1212
1850	2011-06-26	4	4	3	572
1851	2011-06-27	3	4	3	677
1852	2011-06-28	1	3	3	1423
1853	2011-06-30	3	2	3	901
1856	2011-06-03	4	1	4	981
1858	2011-06-06	4	3	4	646
1860	2011-06-08	4	2	4	814
1861	2011-06-09	1	4	4	672
1862	2011-06-11	3	1	4	775
1863	2011-06-13	4	1	4	513
1864	2011-06-14	0	4	4	1204
1865	2011-06-15	2	1	4	791
1866	2011-06-16	0	1	4	705
1867	2011-06-17	1	1	4	1208
1869	2011-06-20	1	3	4	809
1871	2011-06-26	2	3	4	714
1872	2011-06-27	4	3	4	1303
1873	2011-06-28	3	3	4	1116
1874	2011-06-29	2	0	4	1344
1876	2011-07-02	3	1	0	675
1877	2011-07-03	1	3	0	1338
1878	2011-07-05	2	2	0	564
1879	2011-07-06	1	0	0	1405
1881	2011-07-10	4	1	0	627
1882	2011-07-11	4	4	0	968
1883	2011-07-12	2	2	0	1002
1884	2011-07-14	1	3	0	1297
1885	2011-07-15	4	0	0	1338
1887	2011-07-20	1	3	0	1458
1889	2011-07-22	0	4	0	1494
1891	2011-07-26	4	2	0	774
1892	2011-07-27	3	3	0	1086
1893	2011-07-28	1	4	0	794
1894	2011-07-30	3	4	0	1392
1895	2011-07-01	2	1	1	1066
1899	2011-07-07	4	2	1	1170
1901	2011-07-09	4	4	1	805
1903	2011-07-13	0	2	1	1273
1904	2011-07-14	2	0	1	1285
1906	2011-07-17	4	0	1	1409
1907	2011-07-18	0	0	1	977
1908	2011-07-19	3	1	1	700
1909	2011-07-20	4	2	1	928
1910	2011-07-22	0	3	1	669
1911	2011-07-23	4	3	1	1465
1912	2011-07-24	1	0	1	1139
1914	2011-07-28	4	4	1	933
1915	2011-07-31	3	1	1	615
1916	2011-07-01	2	1	2	1245
1917	2011-07-02	2	1	2	827
1918	2011-07-03	3	4	2	1426
1919	2011-07-04	2	1	2	1369
1920	2011-07-05	4	2	2	924
1921	2011-07-06	1	2	2	1247
1923	2011-07-10	0	2	2	926
1924	2011-07-11	4	4	2	1109
1925	2011-07-12	2	1	2	1425
1927	2011-07-14	2	4	2	892
1928	2011-07-15	1	1	2	1012
1929	2011-07-16	1	2	2	523
1930	2011-07-17	3	0	2	1029
1931	2011-07-20	1	4	2	1378
1932	2011-07-21	1	0	2	1147
1933	2011-07-22	4	3	2	525
1934	2011-07-24	1	3	2	529
1935	2011-07-25	2	1	2	1387
1936	2011-07-26	4	1	2	707
1938	2011-07-28	1	2	2	1441
1939	2011-07-29	4	3	2	1028
1940	2011-07-31	4	2	2	723
1941	2011-07-01	1	2	3	578
1942	2011-07-02	2	1	3	875
1943	2011-07-03	4	2	3	898
1945	2011-07-06	0	1	3	1001
1947	2011-07-08	1	3	3	780
1948	2011-07-09	3	3	3	596
1949	2011-07-10	4	2	3	857
1950	2011-07-12	0	4	3	1367
1953	2011-07-15	4	2	3	1085
1954	2011-07-16	2	2	3	1152
1955	2011-07-18	2	3	3	832
1956	2011-07-19	1	1	3	1169
1957	2011-07-21	2	1	3	1288
1958	2011-07-22	2	4	3	711
1959	2011-07-23	2	4	3	609
1960	2011-07-25	4	3	3	760
1962	2011-07-27	0	0	3	1135
1963	2011-07-28	3	2	3	1331
1964	2011-07-29	2	0	3	561
1965	2011-07-01	1	3	4	682
1967	2011-07-03	1	4	4	565
1968	2011-07-04	1	4	4	521
1970	2011-07-07	4	2	4	1447
1971	2011-07-10	4	3	4	809
1972	2011-07-12	1	2	4	568
1973	2011-07-13	1	2	4	589
1974	2011-07-14	3	4	4	1017
1975	2011-07-15	1	2	4	1440
1976	2011-07-17	4	2	4	753
1977	2011-07-18	4	1	4	1049
1978	2011-07-19	2	4	4	634
1979	2011-07-20	4	1	4	518
1980	2011-07-21	1	4	4	669
1981	2011-07-22	3	4	4	1289
1982	2011-07-23	1	1	4	929
1984	2011-07-25	0	2	4	1041
1985	2011-07-27	4	2	4	884
1986	2011-07-28	2	4	4	1389
1987	2011-07-29	3	1	4	1414
1988	2011-07-30	0	3	4	1123
1989	2011-07-31	4	0	4	1245
1990	2011-08-01	2	4	0	883
1992	2011-08-05	4	0	0	1259
1993	2011-08-06	2	1	0	1136
1995	2011-08-08	4	3	0	899
1997	2011-08-10	3	3	0	1413
1999	2011-08-12	2	2	0	1125
2000	2011-08-13	2	3	0	1186
2001	2011-08-14	1	3	0	703
2002	2011-08-17	4	4	0	1341
2003	2011-08-18	2	4	0	579
2004	2011-08-20	4	1	0	625
2006	2011-08-22	3	3	0	836
2007	2011-08-23	3	3	0	1160
2008	2011-08-24	1	2	0	606
2009	2011-08-25	1	4	0	1150
2010	2011-08-26	0	1	0	762
2011	2011-08-28	4	1	0	712
2012	2011-08-29	1	2	0	677
2013	2011-08-30	2	4	0	1165
2014	2011-08-31	1	2	0	1155
2016	2011-08-02	1	4	1	1337
2017	2011-08-04	2	2	1	903
2018	2011-08-05	1	3	1	790
2019	2011-08-06	0	1	1	682
2020	2011-08-07	4	1	1	1092
2021	2011-08-08	4	3	1	1410
2022	2011-08-10	4	3	1	871
2023	2011-08-11	3	4	1	1118
2024	2011-08-13	0	3	1	561
2025	2011-08-14	3	4	1	1047
2026	2011-08-15	1	3	1	747
2027	2011-08-17	3	2	1	798
2028	2011-08-18	3	2	1	690
2029	2011-08-19	2	4	1	1133
2030	2011-08-20	4	1	1	876
2031	2011-08-21	3	1	1	1262
2032	2011-08-23	4	4	1	583
2033	2011-08-24	0	2	1	646
2034	2011-08-27	1	3	1	1218
2037	2011-08-31	2	0	1	872
2038	2011-08-01	2	2	2	959
2040	2011-08-03	4	0	2	1118
2042	2011-08-05	0	3	2	1080
2043	2011-08-06	3	4	2	1164
2044	2011-08-10	1	1	2	788
2045	2011-08-12	1	1	2	514
2046	2011-08-13	3	4	2	1036
2047	2011-08-15	4	0	2	535
2048	2011-08-17	1	1	2	782
2049	2011-08-18	1	0	2	1058
2050	2011-08-20	2	4	2	909
2051	2011-08-21	1	0	2	1374
2052	2011-08-22	2	0	2	1412
2054	2011-08-25	1	3	2	970
2055	2011-08-27	4	4	2	1451
2056	2011-08-28	3	4	2	1150
2057	2011-08-29	2	4	2	640
2058	2011-08-30	4	4	2	1252
2059	2011-08-31	1	4	2	803
2060	2011-08-02	1	2	3	605
2061	2011-08-03	0	0	3	1190
2062	2011-08-04	1	2	3	1379
2063	2011-08-05	0	1	3	945
2065	2011-08-07	3	4	3	1375
2067	2011-08-09	2	4	3	824
2069	2011-08-11	4	2	3	1299
2070	2011-08-16	2	3	3	1217
2071	2011-08-18	2	4	3	581
2073	2011-08-20	2	2	3	841
2074	2011-08-22	2	4	3	839
2075	2011-08-25	3	1	3	638
2076	2011-08-26	2	2	3	1176
2077	2011-08-27	3	0	3	1291
2078	2011-08-28	1	2	3	633
2079	2011-08-29	3	2	3	1156
2080	2011-08-30	3	3	3	855
2081	2011-08-31	0	1	3	867
2082	2011-08-01	4	1	4	1176
2083	2011-08-02	2	1	4	1031
2084	2011-08-03	3	0	4	937
2085	2011-08-04	2	1	4	1483
2086	2011-08-05	1	3	4	1005
2087	2011-08-06	4	0	4	555
2089	2011-08-09	4	3	4	886
2090	2011-08-11	1	0	4	1390
2091	2011-08-12	0	1	4	1497
2093	2011-08-14	2	1	4	575
2094	2011-08-16	0	4	4	1278
2095	2011-08-17	4	2	4	928
2096	2011-08-18	4	3	4	1129
2097	2011-08-19	3	4	4	593
2098	2011-08-20	2	3	4	672
2099	2011-08-23	1	1	4	768
2100	2011-08-24	2	4	4	811
2101	2011-08-25	3	4	4	1236
2102	2011-08-26	4	4	4	592
2103	2011-08-27	2	0	4	1432
2104	2011-08-28	0	2	4	667
2105	2011-08-29	3	3	4	1368
2106	2011-08-30	0	1	4	1288
2107	2011-08-31	1	2	4	945
2108	2011-09-01	0	1	0	1454
2109	2011-09-02	1	1	0	1452
2110	2011-09-03	3	3	0	1465
2111	2011-09-04	4	3	0	620
2112	2011-09-05	3	3	0	1047
2113	2011-09-07	2	0	0	1142
2114	2011-09-08	2	4	0	961
2115	2011-09-09	1	1	0	519
2116	2011-09-11	2	4	0	1483
2117	2011-09-14	3	4	0	823
2118	2011-09-15	3	0	0	1001
2119	2011-09-16	2	4	0	739
2120	2011-09-17	4	4	0	668
2121	2011-09-18	3	3	0	1316
2123	2011-09-20	2	2	0	784
2125	2011-09-22	1	4	0	694
2126	2011-09-24	1	0	0	772
2127	2011-09-28	2	2	0	1493
2129	2011-09-30	2	2	0	1097
2130	2011-09-01	4	1	1	1234
2131	2011-09-02	0	3	1	1316
2132	2011-09-03	2	4	1	1134
2133	2011-09-05	3	3	1	587
2134	2011-09-06	2	4	1	1067
2135	2011-09-07	4	0	1	1339
2136	2011-09-09	3	0	1	1496
2138	2011-09-12	2	2	1	1124
2140	2011-09-15	4	3	1	659
2141	2011-09-16	4	4	1	677
2142	2011-09-17	2	4	1	955
2143	2011-09-18	2	1	1	1164
2144	2011-09-19	4	0	1	1083
2145	2011-09-20	0	4	1	576
2146	2011-09-21	1	4	1	1081
2147	2011-09-22	4	3	1	631
2148	2011-09-23	3	2	1	648
2149	2011-09-24	2	4	1	545
2150	2011-09-25	2	4	1	1305
2151	2011-09-26	1	2	1	1026
2153	2011-09-28	4	3	1	683
2154	2011-09-03	4	2	2	514
2155	2011-09-04	1	1	2	916
2156	2011-09-06	2	2	2	1036
2157	2011-09-08	2	4	2	1028
2159	2011-09-10	4	2	2	1181
2160	2011-09-12	0	4	2	788
2162	2011-09-15	2	1	2	1465
2163	2011-09-16	0	2	2	1429
2164	2011-09-18	0	0	2	752
2165	2011-09-19	3	0	2	1063
2167	2011-09-21	2	2	2	786
2168	2011-09-22	4	2	2	1144
2170	2011-09-24	1	2	2	748
2173	2011-09-28	4	1	2	760
2175	2011-09-30	3	2	2	1500
2176	2011-09-01	4	2	3	1130
2177	2011-09-03	1	2	3	1049
2178	2011-09-04	2	4	3	691
2179	2011-09-05	0	1	3	754
2180	2011-09-06	3	3	3	657
2181	2011-09-08	1	0	3	1188
2182	2011-09-09	0	2	3	1001
2183	2011-09-10	1	1	3	1066
2184	2011-09-12	0	3	3	902
2185	2011-09-13	2	1	3	1431
2186	2011-09-14	2	2	3	1092
2187	2011-09-15	4	4	3	1034
2188	2011-09-16	2	2	3	1103
2189	2011-09-17	2	3	3	1277
2190	2011-09-19	2	3	3	1362
2191	2011-09-20	4	3	3	1399
2192	2011-09-21	0	0	3	805
2194	2011-09-23	1	4	3	666
2195	2011-09-27	3	2	3	1425
2196	2011-09-29	1	0	3	804
2197	2011-09-30	4	1	3	631
2198	2011-09-01	2	3	4	569
2199	2011-09-03	3	1	4	989
2200	2011-09-05	2	1	4	987
2201	2011-09-06	3	1	4	677
2202	2011-09-07	4	2	4	770
2204	2011-09-10	2	2	4	1107
2205	2011-09-11	1	3	4	619
2207	2011-09-15	3	4	4	1457
2208	2011-09-16	1	1	4	1127
2209	2011-09-17	2	2	4	755
2210	2011-09-18	3	0	4	1197
2211	2011-09-19	4	0	4	719
2212	2011-09-20	4	1	4	808
2214	2011-09-24	1	1	4	834
2215	2011-09-25	0	1	4	996
2216	2011-09-27	4	2	4	1057
2217	2011-09-30	0	4	4	638
2219	2011-10-03	3	4	0	754
2220	2011-10-04	0	0	0	874
2222	2011-10-07	2	1	0	1454
2223	2011-10-08	3	2	0	549
2224	2011-10-09	3	2	0	931
2225	2011-10-11	1	2	0	1099
2226	2011-10-13	3	1	0	592
2227	2011-10-14	2	4	0	1172
2228	2011-10-15	1	2	0	531
2230	2011-10-18	0	3	0	804
2231	2011-10-19	3	1	0	1303
2232	2011-10-20	3	3	0	791
2234	2011-10-22	3	4	0	1116
2235	2011-10-23	2	1	0	979
2236	2011-10-25	2	2	0	1063
2237	2011-10-27	4	1	0	1153
2238	2011-10-28	2	1	0	537
2242	2011-10-04	2	1	1	1022
2244	2011-10-06	2	1	1	749
2246	2011-10-10	2	2	1	1054
2249	2011-10-15	1	0	1	707
2251	2011-10-17	0	2	1	1347
2252	2011-10-18	3	1	1	1362
2253	2011-10-19	3	4	1	1240
2255	2011-10-21	2	2	1	1271
2256	2011-10-22	1	3	1	1498
2257	2011-10-23	1	0	1	632
2258	2011-10-24	4	4	1	947
2259	2011-10-25	2	1	1	1242
2260	2011-10-26	1	0	1	741
2261	2011-10-27	0	2	1	832
2262	2011-10-29	4	3	1	891
2263	2011-10-30	0	0	1	760
2264	2011-10-31	2	1	1	539
2265	2011-10-03	4	3	2	545
2266	2011-10-05	3	3	2	718
2267	2011-10-08	4	2	2	1100
2271	2011-10-16	1	1	2	563
2273	2011-10-18	1	1	2	775
2275	2011-10-22	4	4	2	1278
2276	2011-10-23	1	1	2	716
2277	2011-10-25	2	2	2	631
2278	2011-10-26	1	4	2	1289
2279	2011-10-27	2	1	2	627
2280	2011-10-28	2	2	2	1300
2281	2011-10-29	3	2	2	995
2282	2011-10-30	4	1	2	1430
2283	2011-10-31	3	1	2	860
2284	2011-10-01	1	1	3	1066
2285	2011-10-06	4	4	3	592
2286	2011-10-07	1	4	3	631
2287	2011-10-08	3	2	3	1330
2288	2011-10-10	4	3	3	727
2289	2011-10-12	2	2	3	1045
2291	2011-10-15	1	1	3	520
2292	2011-10-18	2	3	3	1280
2293	2011-10-20	2	3	3	1223
2294	2011-10-21	4	4	3	569
2297	2011-10-27	3	1	3	945
2300	2011-10-30	2	3	3	597
2301	2011-10-31	2	3	3	501
2303	2011-10-03	0	1	4	1023
2304	2011-10-06	1	3	4	1074
2306	2011-10-09	2	4	4	524
2307	2011-10-10	3	4	4	991
2309	2011-10-12	4	4	4	975
2310	2011-10-13	3	4	4	782
2311	2011-10-14	3	1	4	963
2312	2011-10-15	2	4	4	665
2314	2011-10-20	4	1	4	892
2315	2011-10-22	2	1	4	1250
2316	2011-10-23	1	1	4	1296
2317	2011-10-26	3	3	4	666
2318	2011-10-27	1	1	4	843
2319	2011-10-29	2	2	4	1192
2320	2011-10-30	4	2	4	1321
2321	2011-10-31	1	1	4	1384
2323	2011-11-03	1	4	0	1158
2324	2011-11-04	0	3	0	1354
2325	2011-11-07	4	2	0	1258
2326	2011-11-09	0	2	0	547
2327	2011-11-12	2	1	0	870
2328	2011-11-14	1	1	0	619
2329	2011-11-16	3	0	0	827
2330	2011-11-17	4	4	0	1156
2331	2011-11-18	0	3	0	842
2333	2011-11-22	1	1	0	912
2334	2011-11-23	3	3	0	632
2335	2011-11-24	2	2	0	1171
2336	2011-11-25	2	1	0	1052
2337	2011-11-26	3	3	0	815
2338	2011-11-27	1	4	0	1008
2339	2011-11-28	1	3	0	827
2340	2011-11-29	1	3	0	522
2341	2011-11-01	3	4	1	547
2342	2011-11-02	3	3	1	800
2343	2011-11-04	3	4	1	1194
2344	2011-11-05	2	4	1	796
2346	2011-11-08	2	4	1	671
2347	2011-11-09	4	0	1	1100
2348	2011-11-10	4	2	1	1351
2349	2011-11-13	3	4	1	799
2350	2011-11-14	2	2	1	1250
2351	2011-11-16	4	3	1	675
2352	2011-11-19	3	3	1	785
2353	2011-11-20	4	2	1	962
2354	2011-11-21	3	2	1	1305
2355	2011-11-22	0	0	1	957
2358	2011-11-27	0	4	1	527
2359	2011-11-29	4	4	1	974
2360	2011-11-30	0	1	1	1136
2361	2011-11-01	2	3	2	802
2362	2011-11-02	2	3	2	1412
2363	2011-11-03	1	2	2	1293
2365	2011-11-06	4	2	2	716
2367	2011-11-09	1	4	2	525
2368	2011-11-10	3	2	2	1115
2369	2011-11-11	3	4	2	763
2370	2011-11-12	1	2	2	828
2371	2011-11-13	1	1	2	1268
2372	2011-11-14	4	3	2	1030
2373	2011-11-16	2	4	2	1160
2374	2011-11-17	0	3	2	744
2375	2011-11-18	0	3	2	557
2377	2011-11-21	0	1	2	895
2381	2011-11-26	3	1	2	961
2382	2011-11-27	0	3	2	1425
2384	2011-11-01	4	2	3	1127
2385	2011-11-02	1	1	3	1493
2386	2011-11-03	2	4	3	1433
2388	2011-11-06	4	3	3	880
2392	2011-11-10	4	1	3	972
2393	2011-11-11	4	2	3	923
2395	2011-11-14	1	3	3	681
2396	2011-11-15	1	4	3	597
2397	2011-11-16	4	2	3	743
2398	2011-11-17	2	1	3	704
2400	2011-11-20	3	1	3	1174
2401	2011-11-22	3	1	3	1329
2402	2011-11-23	1	1	3	1389
2403	2011-11-24	4	2	3	1368
2404	2011-11-25	1	1	3	593
2405	2011-11-26	1	0	3	1469
2406	2011-11-28	1	3	3	797
2407	2011-11-29	3	3	3	872
2408	2011-11-30	4	3	3	507
2409	2011-11-01	2	0	4	961
2410	2011-11-02	0	2	4	903
2411	2011-11-03	0	1	4	1381
2412	2011-11-04	3	1	4	594
2413	2011-11-06	2	4	4	694
2415	2011-11-09	4	0	4	640
2418	2011-11-12	2	0	4	656
2419	2011-11-13	1	4	4	1110
2420	2011-11-16	2	4	4	1052
2422	2011-11-19	0	3	4	1011
2424	2011-11-24	4	0	4	1110
2425	2011-11-25	4	1	4	781
2427	2011-11-29	3	3	4	1033
2428	2011-11-30	2	1	4	1302
2429	2011-12-01	2	4	0	1458
2430	2011-12-02	2	0	0	1487
2431	2011-12-03	2	2	0	688
2432	2011-12-05	4	1	0	1388
2433	2011-12-06	4	0	0	929
2434	2011-12-07	1	4	0	978
2435	2011-12-09	0	3	0	958
2436	2011-12-10	3	4	0	762
2437	2011-12-12	2	0	0	855
2438	2011-12-17	2	4	0	681
2439	2011-12-18	3	4	0	1311
2440	2011-12-21	4	3	0	763
2441	2011-12-22	1	1	0	719
2442	2011-12-23	1	1	0	716
2443	2011-12-24	2	4	0	646
2444	2011-12-25	1	1	0	530
2445	2011-12-26	1	3	0	1301
2446	2011-12-27	2	4	0	623
2447	2011-12-28	1	3	0	547
2448	2011-12-29	3	1	0	1404
2449	2011-12-30	2	4	0	766
2450	2011-12-02	2	3	1	1297
2451	2011-12-05	3	3	1	654
2452	2011-12-06	3	0	1	1208
2454	2011-12-08	1	4	1	902
2455	2011-12-09	0	1	1	833
2456	2011-12-10	2	4	1	1027
2457	2011-12-11	1	0	1	1339
2458	2011-12-12	3	0	1	1058
2460	2011-12-14	4	4	1	1088
2461	2011-12-15	3	4	1	1457
2462	2011-12-17	2	0	1	838
2463	2011-12-19	4	0	1	974
2464	2011-12-20	3	2	1	967
2465	2011-12-22	3	0	1	716
2466	2011-12-23	4	3	1	1077
2469	2011-12-30	4	2	1	1015
2470	2011-12-31	0	2	1	552
2474	2011-12-04	2	4	2	866
2475	2011-12-05	0	2	2	590
2477	2011-12-07	0	2	2	555
2478	2011-12-08	3	3	2	1390
2480	2011-12-12	1	1	2	580
2481	2011-12-14	0	3	2	785
2482	2011-12-15	1	2	2	1345
2483	2011-12-16	2	0	2	1233
2484	2011-12-17	2	2	2	1467
2485	2011-12-18	3	2	2	1412
2486	2011-12-19	4	1	2	1289
2487	2011-12-20	3	2	2	833
2488	2011-12-21	4	1	2	699
2489	2011-12-22	0	2	2	835
2491	2011-12-25	1	3	2	1099
2492	2011-12-27	1	4	2	855
2493	2011-12-29	3	1	2	567
2494	2011-12-01	1	1	3	1119
2495	2011-12-04	4	3	3	921
2496	2011-12-06	1	4	3	1272
2497	2011-12-07	0	2	3	1216
2498	2011-12-14	4	2	3	1203
2499	2011-12-15	1	4	3	849
2501	2011-12-17	1	3	3	1317
2502	2011-12-18	3	1	3	956
2503	2011-12-19	4	1	3	914
2504	2011-12-21	2	0	3	984
2505	2011-12-22	2	4	3	1178
2507	2011-12-24	4	1	3	1015
2508	2011-12-25	4	1	3	821
2509	2011-12-26	1	3	3	1486
2511	2011-12-28	2	3	3	1426
2512	2011-12-29	3	1	3	852
2515	2011-12-03	1	3	4	1149
2516	2011-12-04	1	3	4	829
2517	2011-12-05	0	4	4	1438
2518	2011-12-08	4	0	4	1377
2519	2011-12-09	4	3	4	976
2520	2011-12-11	2	4	4	655
2522	2011-12-13	3	2	4	582
2523	2011-12-14	3	4	4	1393
2524	2011-12-15	2	2	4	958
2526	2011-12-18	2	0	4	827
2527	2011-12-19	4	4	4	1096
2528	2011-12-22	4	1	4	979
2529	2011-12-23	1	0	4	619
2530	2011-12-24	1	4	4	685
2531	2011-12-25	1	4	4	695
2532	2011-12-28	2	3	4	748
2533	2011-12-29	2	2	4	1103
2534	2011-12-30	0	0	4	526
2535	2011-12-31	0	3	4	1369
2536	2012-01-01	1	2	0	1277
2537	2012-01-02	3	4	0	514
2538	2012-01-03	2	2	0	1007
2539	2012-01-04	4	3	0	1429
2540	2012-01-07	2	3	0	939
2543	2012-01-10	4	4	0	604
2544	2012-01-11	4	1	0	1492
2545	2012-01-13	1	4	0	568
2546	2012-01-14	0	1	0	1346
2549	2012-01-17	4	0	0	1262
2550	2012-01-18	2	4	0	664
2551	2012-01-19	1	3	0	1104
2552	2012-01-20	4	2	0	1485
2553	2012-01-25	1	1	0	519
2554	2012-01-26	1	0	0	1412
2555	2012-01-28	3	4	0	1121
2557	2012-01-31	1	2	0	809
2558	2012-01-01	1	2	1	629
2559	2012-01-02	3	3	1	822
2560	2012-01-03	2	4	1	606
2561	2012-01-06	3	0	1	805
2563	2012-01-13	1	3	1	766
2564	2012-01-14	3	3	1	1355
2567	2012-01-17	4	2	1	1031
2568	2012-01-18	3	2	1	1096
2570	2012-01-20	3	3	1	855
2573	2012-01-23	0	4	1	1339
2574	2012-01-24	1	1	1	1249
2575	2012-01-25	4	1	1	1287
2576	2012-01-26	0	2	1	1165
2577	2012-01-27	4	4	1	622
2578	2012-01-28	2	1	1	560
2579	2012-01-29	2	0	1	527
2580	2012-01-31	1	3	1	958
2581	2012-01-01	1	0	2	771
2582	2012-01-04	1	1	2	1154
2583	2012-01-05	4	4	2	709
2584	2012-01-06	2	2	2	555
2585	2012-01-07	2	3	2	1312
2587	2012-01-09	2	3	2	1033
2588	2012-01-11	1	4	2	507
2589	2012-01-12	3	4	2	583
2591	2012-01-14	0	1	2	1311
2592	2012-01-16	2	3	2	953
2593	2012-01-17	3	4	2	609
2594	2012-01-18	3	4	2	1237
2595	2012-01-19	3	1	2	580
2596	2012-01-20	1	3	2	1353
2597	2012-01-22	3	1	2	937
2598	2012-01-23	1	1	2	1492
2599	2012-01-24	0	3	2	711
2600	2012-01-25	4	1	2	1233
2601	2012-01-26	4	3	2	1385
2602	2012-01-27	3	3	2	1096
2603	2012-01-29	2	3	2	1118
2606	2012-01-04	1	4	3	707
2607	2012-01-05	3	4	3	869
2608	2012-01-06	0	3	3	1123
2609	2012-01-07	0	2	3	811
2610	2012-01-08	1	3	3	774
2611	2012-01-09	1	2	3	696
2612	2012-01-10	2	3	3	505
2613	2012-01-12	4	4	3	526
2614	2012-01-13	1	1	3	1272
2616	2012-01-15	4	3	3	1387
2618	2012-01-19	3	4	3	774
2619	2012-01-20	1	2	3	1359
2620	2012-01-22	4	4	3	697
2621	2012-01-24	2	1	3	637
2622	2012-01-25	2	2	3	655
2623	2012-01-28	1	4	3	1235
2624	2012-01-29	3	2	3	933
2626	2012-01-31	3	0	3	1150
2628	2012-01-03	2	4	4	1483
2629	2012-01-06	3	0	4	862
2630	2012-01-07	4	4	4	1225
2631	2012-01-08	0	2	4	897
2632	2012-01-11	4	1	4	558
2633	2012-01-12	2	1	4	1011
2634	2012-01-13	3	2	4	598
2635	2012-01-14	3	3	4	641
2637	2012-01-18	0	4	4	1260
2638	2012-01-21	2	0	4	726
2639	2012-01-22	3	3	4	1343
2640	2012-01-23	4	0	4	604
2641	2012-01-25	4	3	4	986
2642	2012-01-26	3	1	4	930
2643	2012-01-28	1	0	4	1328
2644	2012-01-29	4	0	4	881
2645	2012-01-30	3	1	4	807
2646	2012-01-31	2	4	4	1264
2647	2012-02-01	2	3	0	961
2648	2012-02-03	4	1	0	576
2649	2012-02-04	4	2	0	1374
2650	2012-02-05	4	3	0	979
2651	2012-02-06	3	1	0	846
2652	2012-02-07	4	1	0	835
2653	2012-02-09	4	2	0	767
2654	2012-02-10	1	1	0	778
2655	2012-02-11	3	1	0	1177
2656	2012-02-12	1	0	0	1055
2658	2012-02-15	4	3	0	1361
2659	2012-02-16	2	4	0	582
2660	2012-02-18	4	1	0	1087
2662	2012-02-20	1	4	0	1467
2663	2012-02-21	2	2	0	659
2664	2012-02-22	3	0	0	1459
2665	2012-02-24	3	1	0	1464
2666	2012-02-25	4	4	0	607
2667	2012-02-27	1	0	0	1255
2671	2012-02-04	3	1	1	1051
2672	2012-02-05	4	1	1	1204
2673	2012-02-06	3	2	1	1120
2674	2012-02-07	4	4	1	1170
2675	2012-02-09	3	2	1	1229
2676	2012-02-10	3	3	1	835
2677	2012-02-11	2	2	1	696
2678	2012-02-12	1	2	1	1173
2679	2012-02-13	4	2	1	1262
2680	2012-02-14	3	2	1	1093
2681	2012-02-15	3	3	1	1372
2682	2012-02-16	2	0	1	664
2683	2012-02-20	1	3	1	941
2684	2012-02-21	4	3	1	1398
2685	2012-02-22	2	3	1	1120
2686	2012-02-23	1	1	1	1156
2687	2012-02-24	3	1	1	775
2688	2012-02-28	1	4	1	985
2690	2012-02-01	2	4	2	1271
2691	2012-02-02	2	2	2	700
2692	2012-02-03	3	2	2	1104
2693	2012-02-04	4	2	2	609
2694	2012-02-05	1	4	2	1337
2696	2012-02-09	3	4	2	1226
2697	2012-02-10	0	1	2	950
2698	2012-02-11	1	2	2	817
2699	2012-02-12	4	1	2	862
2700	2012-02-15	0	1	2	573
2701	2012-02-16	3	4	2	969
2703	2012-02-20	2	2	2	1356
2704	2012-02-21	3	4	2	1478
2705	2012-02-23	4	1	2	1486
2706	2012-02-24	3	4	2	1181
2707	2012-02-25	4	2	2	1213
2708	2012-02-26	2	2	2	797
2709	2012-02-27	4	3	2	1238
2710	2012-02-28	2	3	2	794
2711	2012-02-01	1	4	3	919
2712	2012-02-02	1	4	3	731
2713	2012-02-03	4	2	3	1452
2714	2012-02-04	3	1	3	1040
2715	2012-02-06	4	1	3	1005
2716	2012-02-07	0	4	3	846
2717	2012-02-08	3	4	3	1399
2718	2012-02-10	2	1	3	1416
2719	2012-02-11	2	1	3	1280
2720	2012-02-13	3	3	3	718
2721	2012-02-14	4	4	3	1101
2722	2012-02-15	2	2	3	978
2723	2012-02-16	1	2	3	1143
2724	2012-02-17	4	2	3	1397
2725	2012-02-18	1	1	3	1274
2726	2012-02-19	4	1	3	623
2729	2012-02-23	4	1	3	1494
2730	2012-02-24	4	1	3	537
2731	2012-02-27	4	2	3	973
2732	2012-02-28	1	4	3	1255
2733	2012-02-29	0	0	3	1332
2734	2012-02-01	2	0	4	712
2735	2012-02-02	2	1	4	837
2737	2012-02-04	3	4	4	1097
2738	2012-02-05	0	4	4	1409
2739	2012-02-07	1	0	4	530
2741	2012-02-09	2	2	4	990
2742	2012-02-10	2	2	4	995
2743	2012-02-11	1	3	4	698
2744	2012-02-14	4	2	4	1410
2745	2012-02-18	2	2	4	1115
2747	2012-02-20	0	2	4	899
2748	2012-02-21	2	3	4	668
2750	2012-02-23	2	1	4	874
2752	2012-02-25	4	4	4	659
2753	2012-02-28	4	1	4	577
2754	2012-03-01	3	4	0	643
2755	2012-03-02	2	4	0	879
2756	2012-03-03	4	4	0	1297
2758	2012-03-05	4	1	0	1301
2760	2012-03-07	2	2	0	1131
2761	2012-03-08	3	3	0	842
2762	2012-03-09	1	3	0	1352
2763	2012-03-10	1	3	0	917
2764	2012-03-12	2	1	0	779
2765	2012-03-14	4	1	0	1475
2766	2012-03-15	3	3	0	961
2767	2012-03-16	4	3	0	1028
2768	2012-03-17	4	0	0	1102
2769	2012-03-18	2	1	0	1035
2771	2012-03-21	4	4	0	1371
2772	2012-03-22	4	2	0	641
2773	2012-03-23	2	1	0	1396
2774	2012-03-24	1	1	0	761
2775	2012-03-25	4	0	0	716
2777	2012-03-28	2	1	0	763
2778	2012-03-31	3	3	0	855
2779	2012-03-02	2	2	1	1215
2780	2012-03-03	1	1	1	1014
2781	2012-03-05	3	2	1	1150
2782	2012-03-07	2	3	1	1069
2784	2012-03-09	2	3	1	616
2785	2012-03-11	4	2	1	1190
2786	2012-03-12	4	3	1	1142
2787	2012-03-14	3	3	1	1415
2788	2012-03-16	2	4	1	1030
2789	2012-03-17	2	1	1	809
2790	2012-03-18	2	3	1	1327
2791	2012-03-19	2	2	1	1489
2792	2012-03-20	3	3	1	1428
2793	2012-03-21	1	2	1	587
2795	2012-03-28	0	4	1	580
2796	2012-03-30	2	3	1	743
2797	2012-03-31	3	3	1	1390
2800	2012-03-06	1	1	2	699
2801	2012-03-07	0	0	2	1229
2802	2012-03-08	1	1	2	924
2803	2012-03-10	2	1	2	915
2804	2012-03-11	2	0	2	1188
2805	2012-03-12	1	2	2	575
2807	2012-03-19	2	2	2	1053
2808	2012-03-20	3	1	2	1198
2809	2012-03-21	2	2	2	1019
2812	2012-03-24	0	2	2	532
2814	2012-03-27	4	1	2	920
2815	2012-03-28	3	2	2	821
2816	2012-03-29	3	1	2	1309
2817	2012-03-31	1	4	2	867
2819	2012-03-03	4	3	3	1104
2820	2012-03-04	1	2	3	1331
2821	2012-03-07	4	4	3	598
2822	2012-03-08	4	2	3	784
2824	2012-03-10	3	3	3	520
2825	2012-03-13	1	1	3	1238
2826	2012-03-14	4	2	3	1205
2827	2012-03-15	1	4	3	1079
2828	2012-03-16	1	4	3	1203
2830	2012-03-18	1	3	3	1486
2831	2012-03-21	2	4	3	767
2832	2012-03-27	4	0	3	1351
2834	2012-03-01	1	4	4	845
2835	2012-03-02	1	4	4	1026
2837	2012-03-06	3	2	4	1187
2838	2012-03-08	4	4	4	1307
2839	2012-03-09	1	2	4	887
2840	2012-03-10	4	4	4	1094
2842	2012-03-12	1	0	4	1247
2843	2012-03-15	3	1	4	1121
2846	2012-03-18	0	0	4	895
2847	2012-03-20	4	3	4	835
2848	2012-03-22	4	1	4	679
2849	2012-03-23	2	3	4	1172
2850	2012-03-25	4	3	4	606
2851	2012-03-26	0	4	4	727
2852	2012-03-27	1	1	4	1125
2853	2012-03-28	1	3	4	699
2854	2012-03-29	1	4	4	1470
2855	2012-03-30	2	0	4	643
2856	2012-04-01	4	4	0	782
2858	2012-04-04	4	4	0	1481
2859	2012-04-05	0	4	0	1099
2860	2012-04-06	3	3	0	569
2861	2012-04-07	4	4	0	635
2864	2012-04-10	2	4	0	516
2865	2012-04-11	3	1	0	1292
2866	2012-04-12	1	3	0	882
2868	2012-04-16	2	4	0	1034
2869	2012-04-17	1	1	0	1217
2871	2012-04-19	3	1	0	633
2872	2012-04-21	1	1	0	1240
2873	2012-04-23	0	1	0	1193
2874	2012-04-25	3	3	0	1423
2875	2012-04-27	2	3	0	1109
2876	2012-04-28	4	4	0	1029
2877	2012-04-30	1	0	0	842
2878	2012-04-02	3	3	1	1359
2879	2012-04-03	3	1	1	1089
2880	2012-04-05	3	0	1	1304
2882	2012-04-08	3	2	1	1213
2883	2012-04-10	4	3	1	1172
2885	2012-04-13	2	4	1	1357
2887	2012-04-17	1	4	1	811
2889	2012-04-20	1	0	1	1350
2890	2012-04-21	2	4	1	504
2891	2012-04-22	3	1	1	1461
2892	2012-04-23	1	2	1	829
2893	2012-04-24	3	2	1	693
2894	2012-04-25	0	1	1	795
2897	2012-04-30	2	4	1	1096
2899	2012-04-02	2	3	2	1388
2900	2012-04-03	3	4	2	552
2901	2012-04-05	3	2	2	957
2903	2012-04-08	3	2	2	1491
2904	2012-04-09	1	4	2	953
2905	2012-04-10	1	3	2	771
2907	2012-04-13	2	4	2	1367
2909	2012-04-16	2	0	2	1435
2910	2012-04-18	2	3	2	922
2911	2012-04-19	1	2	2	1314
2912	2012-04-21	0	2	2	744
2913	2012-04-22	2	1	2	1104
2914	2012-04-23	4	3	2	1283
2916	2012-04-25	0	0	2	1305
2917	2012-04-26	0	4	2	838
2918	2012-04-27	1	3	2	1374
2919	2012-04-30	1	3	2	1334
2920	2012-04-01	1	2	3	740
2921	2012-04-02	2	2	3	1225
2922	2012-04-04	3	4	3	542
2923	2012-04-05	2	1	3	826
2924	2012-04-06	0	4	3	841
2925	2012-04-07	2	2	3	946
2926	2012-04-08	1	4	3	1369
2928	2012-04-10	3	4	3	1165
2929	2012-04-11	3	1	3	1353
2930	2012-04-13	1	4	3	501
2931	2012-04-14	4	4	3	532
2932	2012-04-16	3	3	3	1184
2933	2012-04-17	1	4	3	1285
2934	2012-04-18	4	4	3	816
2935	2012-04-19	3	0	3	1440
2936	2012-04-21	3	4	3	1286
2937	2012-04-23	3	2	3	639
2938	2012-04-24	4	0	3	1332
2939	2012-04-25	4	3	3	505
2941	2012-04-28	4	1	3	1469
2942	2012-04-30	0	4	3	1165
2943	2012-04-01	1	3	4	930
2944	2012-04-02	3	4	4	1148
2945	2012-04-03	3	4	4	1330
2946	2012-04-04	3	1	4	798
2947	2012-04-06	0	0	4	957
2950	2012-04-10	3	1	4	581
2951	2012-04-11	2	1	4	740
2952	2012-04-13	3	3	4	530
2953	2012-04-14	4	4	4	1295
2954	2012-04-15	3	2	4	829
2955	2012-04-16	4	3	4	740
2957	2012-04-21	3	0	4	730
2958	2012-04-23	0	3	4	1174
2959	2012-04-27	4	1	4	942
2960	2012-04-28	3	4	4	731
2961	2012-05-02	3	2	0	532
2962	2012-05-03	0	3	0	965
2963	2012-05-04	1	2	0	659
2964	2012-05-05	3	4	0	676
2965	2012-05-06	1	0	0	1415
2966	2012-05-07	1	2	0	755
2967	2012-05-09	1	1	0	872
2969	2012-05-11	2	1	0	901
2970	2012-05-12	4	2	0	1464
2971	2012-05-13	2	3	0	1192
2972	2012-05-14	0	1	0	645
2974	2012-05-16	1	2	0	1191
2975	2012-05-17	2	1	0	547
2976	2012-05-18	1	0	0	1240
2977	2012-05-19	2	3	0	866
2978	2012-05-20	3	3	0	1134
2979	2012-05-21	2	2	0	1352
2980	2012-05-27	2	0	0	925
2981	2012-05-28	3	3	0	740
2982	2012-05-02	4	1	1	1473
2983	2012-05-03	1	1	1	1133
2984	2012-05-06	2	1	1	1312
2986	2012-05-12	3	2	1	1200
2987	2012-05-13	1	1	1	1473
2988	2012-05-14	1	2	1	1218
2990	2012-05-16	4	1	1	1072
2991	2012-05-17	3	4	1	1149
2992	2012-05-19	3	2	1	1442
2993	2012-05-21	0	3	1	1469
2994	2012-05-22	4	3	1	953
2996	2012-05-24	4	4	1	1003
2997	2012-05-25	1	1	1	926
2998	2012-05-26	4	1	1	757
3000	2012-05-28	4	1	1	779
3001	2012-05-29	1	2	1	1486
3002	2012-05-01	4	2	2	1386
3003	2012-05-02	1	2	2	842
3004	2012-05-03	1	0	2	1472
3005	2012-05-04	4	2	2	1351
3006	2012-05-08	4	4	2	931
3007	2012-05-09	3	1	2	660
3008	2012-05-10	3	1	2	595
3010	2012-05-12	0	3	2	1496
3011	2012-05-13	0	0	2	715
3012	2012-05-14	4	2	2	861
3013	2012-05-15	2	4	2	1222
3014	2012-05-17	3	1	2	1445
3017	2012-05-20	4	1	2	1303
3019	2012-05-22	0	3	2	607
3020	2012-05-23	4	4	2	1339
3021	2012-05-25	3	3	2	856
3022	2012-05-26	2	1	2	1088
3023	2012-05-27	4	2	2	893
3024	2012-05-28	1	2	2	1159
3025	2012-05-29	3	4	2	540
3026	2012-05-30	3	0	2	1322
3027	2012-05-02	1	3	3	775
3028	2012-05-03	4	4	3	694
3029	2012-05-04	0	3	3	1378
3030	2012-05-05	1	2	3	601
3031	2012-05-06	3	1	3	502
3032	2012-05-09	4	4	3	582
3033	2012-05-10	2	4	3	1488
3036	2012-05-18	0	0	3	964
3037	2012-05-19	0	3	3	783
3038	2012-05-20	2	1	3	512
3039	2012-05-21	2	4	3	1437
3040	2012-05-23	1	2	3	501
3041	2012-05-24	3	1	3	542
3043	2012-05-26	2	4	3	595
3044	2012-05-28	0	1	3	1056
3045	2012-05-30	2	2	3	1216
3048	2012-05-02	4	1	4	1093
3050	2012-05-04	2	4	4	1055
3051	2012-05-05	4	3	4	1100
3052	2012-05-06	1	2	4	933
3054	2012-05-08	3	1	4	805
3055	2012-05-09	3	3	4	1378
3056	2012-05-10	1	3	4	1451
3057	2012-05-16	4	3	4	1304
3058	2012-05-18	3	2	4	1479
3059	2012-05-19	2	2	4	941
3060	2012-05-20	1	1	4	961
3061	2012-05-22	3	4	4	821
3062	2012-05-23	2	1	4	974
3063	2012-05-26	1	3	4	1357
3064	2012-05-27	0	0	4	990
3065	2012-05-28	4	3	4	722
3066	2012-05-30	1	4	4	786
3067	2012-05-31	2	4	4	811
3068	2012-06-02	2	1	0	912
3070	2012-06-04	2	3	0	1036
3072	2012-06-07	1	4	0	1148
3073	2012-06-08	3	3	0	1306
3074	2012-06-09	4	1	0	1139
3075	2012-06-12	2	4	0	730
3076	2012-06-14	2	0	0	950
3077	2012-06-15	0	4	0	1023
3078	2012-06-17	4	3	0	941
3079	2012-06-19	3	1	0	1076
3080	2012-06-20	4	0	0	1480
3081	2012-06-21	3	2	0	658
3082	2012-06-22	0	4	0	580
3083	2012-06-23	3	2	0	955
3084	2012-06-25	4	2	0	1200
3085	2012-06-27	1	4	0	869
3086	2012-06-28	1	3	0	1495
3087	2012-06-29	3	2	0	1362
3088	2012-06-30	3	3	0	1477
3089	2012-06-03	4	3	1	732
3090	2012-06-04	0	4	1	731
3091	2012-06-05	1	4	1	507
3092	2012-06-06	3	4	1	809
3093	2012-06-08	1	3	1	651
3096	2012-06-14	1	1	1	920
3097	2012-06-15	1	1	1	1372
3098	2012-06-16	4	1	1	1178
3099	2012-06-18	1	1	1	1340
3100	2012-06-19	0	3	1	1332
3101	2012-06-20	4	3	1	1472
3102	2012-06-21	1	1	1	1093
3103	2012-06-22	1	1	1	736
3107	2012-06-29	1	2	1	767
3108	2012-06-30	4	3	1	555
3109	2012-06-01	1	1	2	1076
3110	2012-06-02	0	4	2	786
3111	2012-06-03	1	0	2	1111
3112	2012-06-04	4	4	2	666
3113	2012-06-05	3	2	2	1013
3114	2012-06-06	1	0	2	990
3115	2012-06-10	4	4	2	796
3116	2012-06-11	3	2	2	1027
3117	2012-06-12	3	2	2	623
3119	2012-06-16	3	0	2	524
3120	2012-06-17	4	2	2	572
3121	2012-06-19	2	0	2	1112
3122	2012-06-20	3	4	2	1332
3123	2012-06-21	2	4	2	641
3124	2012-06-23	1	1	2	611
3125	2012-06-24	4	0	2	839
3126	2012-06-25	2	4	2	602
3127	2012-06-27	1	2	2	660
3128	2012-06-28	3	4	2	898
3129	2012-06-30	4	3	2	1316
3130	2012-06-01	2	2	3	1010
3132	2012-06-03	3	1	3	547
3133	2012-06-04	0	0	3	1291
3134	2012-06-05	4	1	3	1405
3135	2012-06-06	4	0	3	931
3136	2012-06-07	4	4	3	983
3138	2012-06-09	3	4	3	812
3139	2012-06-10	3	1	3	1380
3141	2012-06-13	4	4	3	942
3142	2012-06-14	2	1	3	937
3143	2012-06-15	3	3	3	906
3145	2012-06-17	2	4	3	1023
3146	2012-06-19	3	0	3	1240
3147	2012-06-20	3	0	3	627
3149	2012-06-22	2	2	3	1440
3151	2012-06-24	1	1	3	1373
3152	2012-06-29	1	1	3	728
3154	2012-06-02	0	2	4	723
3155	2012-06-03	1	4	4	851
3156	2012-06-04	4	2	4	554
3157	2012-06-05	4	2	4	1103
3158	2012-06-09	2	4	4	956
3159	2012-06-10	3	0	4	1493
3160	2012-06-11	0	1	4	514
3161	2012-06-12	3	0	4	996
3162	2012-06-15	1	0	4	928
3163	2012-06-16	3	2	4	961
3164	2012-06-17	3	2	4	1159
3165	2012-06-19	0	4	4	1205
3166	2012-06-22	3	2	4	1304
3167	2012-06-23	3	2	4	1175
3168	2012-06-24	3	0	4	1312
3169	2012-06-25	2	2	4	1154
3170	2012-06-26	2	0	4	635
3171	2012-06-29	0	2	4	1053
3174	2012-07-03	4	3	0	587
3175	2012-07-04	3	1	0	1230
3177	2012-07-06	1	0	0	547
3178	2012-07-09	4	0	0	1273
3179	2012-07-10	1	3	0	750
3181	2012-07-13	0	3	0	1125
3182	2012-07-14	0	0	0	1212
3183	2012-07-15	2	4	0	1083
3184	2012-07-16	4	2	0	1057
3185	2012-07-18	2	0	0	974
3186	2012-07-19	1	1	0	878
3187	2012-07-22	4	4	0	1399
3188	2012-07-24	0	3	0	794
3189	2012-07-25	3	3	0	1115
3190	2012-07-26	0	1	0	791
3191	2012-07-27	3	3	0	510
3192	2012-07-28	1	1	0	1465
3193	2012-07-29	4	4	0	505
3196	2012-07-03	1	2	1	582
3197	2012-07-07	4	2	1	765
3199	2012-07-09	4	3	1	932
3200	2012-07-10	4	1	1	978
3202	2012-07-13	1	4	1	900
3203	2012-07-14	3	3	1	794
3204	2012-07-15	3	4	1	938
3205	2012-07-16	1	1	1	1272
3206	2012-07-17	2	0	1	630
3207	2012-07-18	4	3	1	1306
3208	2012-07-19	4	1	1	1098
3209	2012-07-21	1	4	1	1078
3211	2012-07-24	1	4	1	1389
3212	2012-07-25	4	2	1	1418
3213	2012-07-26	4	2	1	651
3214	2012-07-27	2	3	1	700
3215	2012-07-28	4	4	1	1155
3216	2012-07-29	2	2	1	931
3217	2012-07-30	4	2	1	730
3219	2012-07-02	3	3	2	937
3220	2012-07-03	2	2	2	1464
3221	2012-07-05	4	2	2	558
3222	2012-07-06	1	4	2	1183
3223	2012-07-07	0	4	2	1183
3225	2012-07-09	3	3	2	800
3226	2012-07-11	1	2	2	656
3227	2012-07-13	1	2	2	896
3229	2012-07-16	2	3	2	874
3231	2012-07-19	3	4	2	785
3232	2012-07-20	1	3	2	1047
3233	2012-07-21	3	1	2	899
3234	2012-07-22	4	0	2	956
3235	2012-07-23	1	3	2	1365
3236	2012-07-25	4	3	2	1200
3237	2012-07-26	4	0	2	1150
3238	2012-07-27	1	3	2	983
3239	2012-07-28	3	2	2	1233
3240	2012-07-29	1	4	2	1474
3241	2012-07-30	4	2	2	910
3242	2012-07-31	2	3	2	1464
3243	2012-07-01	2	0	3	712
3244	2012-07-02	0	1	3	924
3245	2012-07-03	1	4	3	727
3246	2012-07-04	1	1	3	1018
3247	2012-07-05	1	4	3	1027
3248	2012-07-06	3	2	3	1464
3249	2012-07-08	1	3	3	1217
3251	2012-07-10	3	4	3	785
3252	2012-07-11	2	0	3	715
3253	2012-07-13	4	3	3	1262
3255	2012-07-15	4	1	3	803
3256	2012-07-16	2	1	3	1053
3257	2012-07-18	2	0	3	1323
3258	2012-07-21	0	0	3	1295
3260	2012-07-23	1	4	3	1292
3261	2012-07-24	2	2	3	679
3262	2012-07-25	2	1	3	1288
3263	2012-07-26	1	4	3	1084
3264	2012-07-27	4	2	3	1225
3265	2012-07-28	3	1	3	843
3268	2012-07-01	3	4	4	1389
3269	2012-07-05	3	1	4	1487
3270	2012-07-06	4	4	4	1382
3271	2012-07-07	3	3	4	1391
3272	2012-07-10	1	1	4	520
3273	2012-07-11	0	2	4	1013
3274	2012-07-12	1	4	4	1174
3275	2012-07-14	3	2	4	1049
3276	2012-07-15	2	0	4	1183
3277	2012-07-16	3	1	4	1164
3278	2012-07-17	4	3	4	742
3279	2012-07-18	3	3	4	1208
3280	2012-07-20	2	2	4	818
3281	2012-07-21	2	2	4	1113
3282	2012-07-22	3	2	4	1398
3283	2012-07-25	2	3	4	1158
3284	2012-07-26	2	4	4	1238
3285	2012-07-27	1	0	4	757
3286	2012-07-30	4	3	4	1327
3287	2012-07-31	2	4	4	565
3288	2012-08-01	0	3	0	1309
3289	2012-08-02	2	2	0	942
3290	2012-08-03	0	3	0	1176
3291	2012-08-05	4	4	0	1292
3292	2012-08-09	4	0	0	547
3294	2012-08-11	4	2	0	1373
3295	2012-08-12	1	1	0	628
3296	2012-08-13	1	4	0	834
3297	2012-08-15	2	1	0	1137
3298	2012-08-16	3	3	0	1042
3299	2012-08-17	4	4	0	1124
3300	2012-08-19	1	3	0	1492
3301	2012-08-20	4	2	0	765
3302	2012-08-21	4	1	0	1475
3303	2012-08-22	2	2	0	918
3304	2012-08-23	4	4	0	697
3305	2012-08-25	1	3	0	1484
3306	2012-08-28	0	3	0	1051
3307	2012-08-29	0	1	0	1089
3308	2012-08-30	3	4	0	530
3309	2012-08-01	2	3	1	720
3310	2012-08-03	3	1	1	1268
3311	2012-08-04	1	4	1	1181
3313	2012-08-06	3	3	1	1011
3314	2012-08-07	4	4	1	1153
3317	2012-08-10	3	1	1	600
3318	2012-08-11	3	1	1	527
3320	2012-08-15	0	3	1	892
3322	2012-08-18	3	4	1	935
3323	2012-08-19	2	2	1	1482
3325	2012-08-25	1	2	1	1396
3326	2012-08-26	3	3	1	1180
3327	2012-08-30	2	3	1	1152
3328	2012-08-31	4	1	1	953
3329	2012-08-01	2	3	2	1268
3331	2012-08-06	4	3	2	749
3332	2012-08-08	1	2	2	977
3333	2012-08-09	0	0	2	1034
3334	2012-08-10	4	2	2	1006
3335	2012-08-11	1	0	2	655
3336	2012-08-12	1	2	2	670
3337	2012-08-13	1	1	2	1280
3338	2012-08-14	2	1	2	1080
3339	2012-08-19	4	4	2	1428
3340	2012-08-20	1	2	2	944
3341	2012-08-21	1	2	2	603
3342	2012-08-22	1	2	2	1059
3343	2012-08-23	4	0	2	535
3345	2012-08-26	4	2	2	1311
3346	2012-08-28	2	1	2	1400
3347	2012-08-29	1	4	2	1234
3349	2012-08-31	0	3	2	1202
3350	2012-08-01	1	2	3	795
3352	2012-08-04	4	3	3	1322
3353	2012-08-06	1	1	3	738
3354	2012-08-07	2	4	3	1001
3355	2012-08-08	1	1	3	831
3356	2012-08-09	2	4	3	1430
3357	2012-08-10	2	4	3	816
3358	2012-08-11	3	0	3	1084
3359	2012-08-12	1	1	3	1386
3361	2012-08-14	2	4	3	1247
3362	2012-08-15	2	3	3	1281
3363	2012-08-17	0	4	3	1185
3364	2012-08-19	1	1	3	1181
3366	2012-08-21	0	3	3	602
3367	2012-08-22	2	4	3	1474
3369	2012-08-25	1	1	3	1018
3370	2012-08-27	2	3	3	1353
3371	2012-08-28	4	2	3	1085
3372	2012-08-29	4	2	3	1066
3373	2012-08-31	1	4	3	1436
3374	2012-08-01	3	1	4	1447
3376	2012-08-06	2	1	4	743
3377	2012-08-07	3	3	4	880
3378	2012-08-09	2	2	4	1469
3379	2012-08-10	2	1	4	1484
3380	2012-08-11	1	1	4	905
3382	2012-08-13	3	2	4	1107
3383	2012-08-15	3	3	4	561
3384	2012-08-17	3	2	4	503
3385	2012-08-19	3	1	4	839
3386	2012-08-23	3	4	4	836
3387	2012-08-24	1	2	4	1416
3389	2012-08-26	2	3	4	1009
3390	2012-08-27	2	0	4	867
3391	2012-08-29	3	2	4	1246
3392	2012-08-31	0	0	4	838
3393	2012-09-01	3	0	0	699
3394	2012-09-02	2	4	0	623
3395	2012-09-03	0	3	0	1248
3396	2012-09-04	4	2	0	749
3397	2012-09-05	3	4	0	678
3398	2012-09-06	0	3	0	1067
3399	2012-09-07	2	2	0	977
3400	2012-09-08	2	2	0	887
3401	2012-09-09	2	4	0	837
3402	2012-09-10	0	3	0	744
3403	2012-09-11	1	4	0	592
3404	2012-09-12	4	4	0	1495
3405	2012-09-14	3	1	0	575
3406	2012-09-15	1	3	0	1392
3407	2012-09-17	4	2	0	718
3408	2012-09-18	1	4	0	719
3409	2012-09-19	3	4	0	982
3410	2012-09-20	3	0	0	651
3412	2012-09-25	4	1	0	1017
3416	2012-09-29	4	4	0	1157
3418	2012-09-01	1	1	1	779
3419	2012-09-02	1	3	1	839
3421	2012-09-05	1	2	1	1185
3422	2012-09-06	2	4	1	549
3423	2012-09-07	2	3	1	1375
3424	2012-09-09	3	4	1	560
3425	2012-09-10	1	2	1	915
3427	2012-09-12	4	1	1	1015
3429	2012-09-14	4	4	1	994
3430	2012-09-15	4	4	1	1136
3431	2012-09-18	2	4	1	865
3432	2012-09-19	2	2	1	700
3433	2012-09-20	3	3	1	1417
3434	2012-09-21	3	1	1	1449
3435	2012-09-22	0	4	1	518
3436	2012-09-23	3	3	1	740
3437	2012-09-24	1	0	1	754
3440	2012-09-29	2	3	1	962
3441	2012-09-30	3	4	1	732
3442	2012-09-01	0	3	2	756
3443	2012-09-02	3	1	2	932
3444	2012-09-03	1	3	2	1104
3445	2012-09-05	0	3	2	1498
3446	2012-09-06	4	4	2	790
3447	2012-09-07	1	0	2	797
3449	2012-09-12	1	2	2	851
3450	2012-09-13	2	4	2	634
3451	2012-09-15	1	3	2	1250
3452	2012-09-16	2	3	2	622
3453	2012-09-17	0	4	2	976
3454	2012-09-18	2	3	2	1111
3455	2012-09-19	1	4	2	727
3456	2012-09-20	2	4	2	1036
3457	2012-09-21	4	3	2	925
3458	2012-09-23	1	0	2	889
3459	2012-09-24	3	3	2	926
3460	2012-09-25	1	2	2	1351
3461	2012-09-26	2	2	2	1472
3463	2012-09-28	0	3	2	1398
3465	2012-09-01	2	2	3	669
3466	2012-09-02	1	4	3	614
3467	2012-09-04	2	0	3	752
3468	2012-09-05	2	0	3	1473
3470	2012-09-08	4	2	3	1318
3472	2012-09-10	4	3	3	1340
3475	2012-09-13	3	2	3	625
3476	2012-09-14	2	2	3	775
3477	2012-09-15	4	3	3	699
3478	2012-09-16	4	3	3	730
3480	2012-09-19	0	3	3	916
3481	2012-09-22	3	4	3	735
3482	2012-09-23	1	4	3	1201
3483	2012-09-24	2	2	3	1422
3484	2012-09-25	2	1	3	596
3486	2012-09-27	3	0	3	1458
3488	2012-09-30	3	4	3	1234
3489	2012-09-02	2	4	4	670
3490	2012-09-04	4	2	4	1054
3492	2012-09-06	2	4	4	1270
3493	2012-09-07	1	4	4	1004
3494	2012-09-08	2	1	4	1338
3495	2012-09-09	4	2	4	1061
3496	2012-09-12	1	2	4	952
3497	2012-09-15	4	1	4	1243
3498	2012-09-17	4	1	4	1280
3499	2012-09-18	4	1	4	517
3500	2012-09-19	0	4	4	547
3501	2012-09-20	3	2	4	532
3502	2012-09-21	2	2	4	646
3503	2012-09-22	1	3	4	1448
3504	2012-09-23	2	1	4	1097
3505	2012-09-24	4	2	4	746
3506	2012-09-26	0	3	4	1485
3507	2012-09-27	1	4	4	805
3508	2012-10-02	1	2	0	860
3509	2012-10-04	0	2	0	1214
3510	2012-10-06	3	3	0	1365
3512	2012-10-08	1	3	0	1443
3513	2012-10-09	4	2	0	1374
3514	2012-10-10	2	0	0	979
3515	2012-10-11	2	4	0	901
3516	2012-10-12	3	0	0	710
3517	2012-10-13	4	1	0	1232
3519	2012-10-15	3	1	0	927
3520	2012-10-16	4	0	0	727
3522	2012-10-18	2	2	0	917
3523	2012-10-19	4	4	0	804
3524	2012-10-20	4	2	0	1106
3525	2012-10-21	1	4	0	1196
3526	2012-10-22	2	4	0	643
3527	2012-10-24	1	4	0	1385
3528	2012-10-25	2	3	0	828
3529	2012-10-27	0	3	0	967
3530	2012-10-28	4	1	0	1035
3531	2012-10-29	3	0	0	1347
3532	2012-10-30	2	2	0	1069
3533	2012-10-31	1	3	0	1204
3534	2012-10-01	2	4	1	1269
3536	2012-10-04	3	3	1	1486
3537	2012-10-05	1	4	1	740
3538	2012-10-07	3	1	1	584
3539	2012-10-08	2	2	1	1456
3541	2012-10-16	3	2	1	1039
3542	2012-10-17	4	3	1	1444
3543	2012-10-19	1	4	1	615
3544	2012-10-20	1	4	1	1336
3545	2012-10-22	0	4	1	1258
3546	2012-10-24	4	1	1	624
3547	2012-10-25	2	3	1	754
3548	2012-10-26	1	0	1	539
3549	2012-10-27	3	0	1	1124
3550	2012-10-28	3	3	1	787
3552	2012-10-03	0	3	2	623
3556	2012-10-10	4	4	2	504
3557	2012-10-11	3	1	2	1363
3559	2012-10-16	4	3	2	690
3560	2012-10-18	4	4	2	1082
3561	2012-10-19	2	4	2	532
3562	2012-10-21	2	4	2	514
3563	2012-10-25	2	1	2	535
3564	2012-10-26	1	1	2	832
3565	2012-10-27	1	4	2	1157
3566	2012-10-29	3	2	2	590
3567	2012-10-30	3	1	2	1240
3568	2012-10-31	2	0	2	1406
3569	2012-10-02	2	3	3	743
3570	2012-10-04	4	0	3	542
3571	2012-10-05	2	3	3	1170
3572	2012-10-06	0	2	3	707
3574	2012-10-08	4	0	3	921
3576	2012-10-10	1	1	3	935
3577	2012-10-11	4	3	3	622
3578	2012-10-13	1	1	3	1133
3579	2012-10-14	3	1	3	1363
3580	2012-10-15	2	1	3	1408
3581	2012-10-16	1	4	3	1073
3582	2012-10-18	2	2	3	1179
3584	2012-10-20	1	2	3	1293
3585	2012-10-21	1	1	3	1046
3586	2012-10-22	1	0	3	675
3587	2012-10-23	1	4	3	1434
3588	2012-10-26	1	3	3	690
3590	2012-10-28	1	4	3	1424
3591	2012-10-30	3	1	3	589
3592	2012-10-31	3	3	3	768
3593	2012-10-01	4	3	4	779
3594	2012-10-03	4	0	4	530
3595	2012-10-05	2	4	4	645
3596	2012-10-09	4	0	4	1004
3597	2012-10-10	0	2	4	721
3598	2012-10-11	4	2	4	1231
3599	2012-10-13	4	2	4	1104
3600	2012-10-14	1	2	4	1237
3601	2012-10-15	2	0	4	911
3602	2012-10-16	2	1	4	1295
3603	2012-10-18	3	0	4	1454
3604	2012-10-19	3	3	4	871
3605	2012-10-20	3	1	4	592
3607	2012-10-22	3	3	4	848
3608	2012-10-23	2	0	4	703
3609	2012-10-25	4	3	4	1190
3610	2012-10-26	2	1	4	1381
3611	2012-10-27	3	1	4	1047
3612	2012-10-28	0	4	4	1446
3613	2012-10-31	4	4	4	621
3614	2012-11-01	1	3	0	530
3615	2012-11-04	4	1	0	667
3618	2012-11-07	1	3	0	1040
3619	2012-11-08	1	4	0	513
3621	2012-11-11	2	1	0	542
3622	2012-11-12	4	1	0	1370
3623	2012-11-14	0	1	0	1436
3624	2012-11-15	4	1	0	1312
3625	2012-11-19	1	1	0	1016
3627	2012-11-21	4	4	0	1284
3628	2012-11-22	4	2	0	1425
3629	2012-11-24	4	1	0	610
3630	2012-11-25	4	0	0	1044
3631	2012-11-26	2	2	0	1155
3632	2012-11-27	3	1	0	563
3633	2012-11-01	3	2	1	1258
3634	2012-11-02	4	3	1	1025
3635	2012-11-04	4	2	1	533
3636	2012-11-05	1	3	1	763
3637	2012-11-06	4	2	1	640
3638	2012-11-07	3	4	1	1418
3639	2012-11-08	1	2	1	1032
3640	2012-11-10	1	1	1	1439
3642	2012-11-12	3	2	1	1441
3643	2012-11-14	2	4	1	939
3644	2012-11-16	1	1	1	1378
3645	2012-11-17	2	2	1	708
3647	2012-11-22	4	2	1	1387
3648	2012-11-24	1	2	1	1236
3649	2012-11-25	3	3	1	592
3650	2012-11-26	3	1	1	919
3652	2012-11-28	4	0	1	996
3653	2012-11-30	2	1	1	779
3654	2012-11-02	3	4	2	1294
3656	2012-11-04	1	4	2	659
3657	2012-11-08	2	4	2	1103
3658	2012-11-09	2	4	2	1404
3659	2012-11-10	3	3	2	1287
3660	2012-11-14	1	0	2	915
3661	2012-11-15	3	3	2	604
3662	2012-11-16	1	0	2	1459
3663	2012-11-17	0	2	2	1261
3664	2012-11-18	2	2	2	530
3665	2012-11-19	2	1	2	770
3666	2012-11-20	2	4	2	1417
3667	2012-11-22	0	4	2	1058
3668	2012-11-23	3	2	2	1408
3669	2012-11-24	2	3	2	1016
3670	2012-11-26	1	1	2	1033
3671	2012-11-29	0	4	2	854
3673	2012-11-02	4	0	3	1325
3674	2012-11-03	0	0	3	1396
3675	2012-11-04	1	1	3	1364
3676	2012-11-05	3	1	3	909
3677	2012-11-06	4	1	3	1311
3678	2012-11-07	2	1	3	533
3679	2012-11-08	4	1	3	1156
3681	2012-11-13	3	4	3	933
3682	2012-11-14	1	0	3	1041
3683	2012-11-16	3	3	3	1226
3684	2012-11-17	4	1	3	588
3685	2012-11-18	1	3	3	1142
3686	2012-11-19	4	4	3	874
3687	2012-11-20	4	4	3	1113
3688	2012-11-22	1	0	3	686
3690	2012-11-24	0	1	3	1320
3692	2012-11-27	2	0	3	1122
3695	2012-11-01	4	4	4	653
3696	2012-11-04	1	4	4	1118
3697	2012-11-06	0	0	4	774
3700	2012-11-11	1	0	4	1311
3701	2012-11-12	2	2	4	1460
3702	2012-11-14	3	3	4	645
3704	2012-11-16	1	4	4	1188
3706	2012-11-20	4	3	4	694
3707	2012-11-21	2	1	4	1293
3708	2012-11-23	0	1	4	639
3709	2012-11-24	2	1	4	1005
3710	2012-11-26	4	3	4	687
3711	2012-11-27	2	0	4	1488
3713	2012-11-29	2	0	4	1104
3714	2012-12-02	4	4	0	1484
3715	2012-12-03	4	0	0	1406
3717	2012-12-06	2	2	0	1292
3718	2012-12-08	1	3	0	1291
3719	2012-12-09	3	1	0	1424
3720	2012-12-10	4	1	0	1141
3723	2012-12-15	3	1	0	850
3724	2012-12-16	1	2	0	914
3725	2012-12-17	2	4	0	1306
3726	2012-12-18	1	4	0	511
3727	2012-12-20	4	4	0	711
3728	2012-12-21	2	3	0	809
3729	2012-12-22	4	0	0	887
3731	2012-12-26	3	0	0	778
3732	2012-12-27	0	4	0	638
3733	2012-12-28	3	1	0	1121
3734	2012-12-29	1	3	0	1021
3735	2012-12-31	2	3	0	1092
3736	2012-12-02	0	2	1	593
3737	2012-12-03	1	3	1	783
3738	2012-12-04	0	0	1	1363
3739	2012-12-05	1	2	1	1337
3740	2012-12-06	1	3	1	1238
3741	2012-12-07	2	3	1	593
3742	2012-12-08	3	1	1	664
3744	2012-12-11	4	3	1	820
3745	2012-12-15	4	4	1	646
3746	2012-12-17	3	1	1	1039
3747	2012-12-19	0	3	1	880
3748	2012-12-20	0	2	1	1280
3749	2012-12-22	1	4	1	984
3750	2012-12-23	4	1	1	1310
3751	2012-12-24	3	2	1	1006
3752	2012-12-25	3	2	1	753
3755	2012-12-30	4	4	1	1150
3756	2012-12-31	0	4	1	1314
3757	2012-12-01	2	2	2	1119
3758	2012-12-02	1	1	2	701
3759	2012-12-03	3	2	2	838
3760	2012-12-05	3	2	2	916
3763	2012-12-09	3	2	2	628
3765	2012-12-14	1	3	2	538
3766	2012-12-16	1	1	2	688
3767	2012-12-17	3	4	2	1469
3768	2012-12-18	3	4	2	892
3769	2012-12-22	1	3	2	805
3770	2012-12-24	1	1	2	850
3771	2012-12-25	1	2	2	856
3772	2012-12-26	4	3	2	1011
3773	2012-12-27	4	1	2	1020
3774	2012-12-29	1	4	2	992
3775	2012-12-30	0	4	2	1372
3777	2012-12-03	3	2	3	818
3778	2012-12-04	3	0	3	1247
3779	2012-12-05	2	0	3	1350
3781	2012-12-08	1	2	3	823
3782	2012-12-10	3	2	3	633
3783	2012-12-11	3	1	3	1255
3784	2012-12-12	4	2	3	1478
3785	2012-12-13	1	4	3	592
3786	2012-12-15	0	0	3	621
3787	2012-12-17	4	4	3	560
3788	2012-12-18	0	4	3	837
3789	2012-12-19	0	2	3	1077
3791	2012-12-21	1	0	3	1067
3792	2012-12-23	1	2	3	744
3793	2012-12-25	1	2	3	1056
3794	2012-12-27	2	4	3	1304
3796	2012-12-29	3	0	3	1210
3797	2012-12-30	2	2	3	754
3798	2012-12-31	1	1	3	1145
3799	2012-12-01	3	2	4	843
3801	2012-12-04	3	1	4	1391
3802	2012-12-05	3	2	4	938
3803	2012-12-06	4	1	4	1495
3804	2012-12-07	3	2	4	1309
3805	2012-12-08	4	3	4	1428
3806	2012-12-10	1	4	4	670
3808	2012-12-13	2	4	4	580
3809	2012-12-15	2	2	4	720
3810	2012-12-16	4	3	4	1043
3811	2012-12-17	1	1	4	559
3812	2012-12-18	1	0	4	1458
3813	2012-12-19	3	2	4	944
3815	2012-12-21	2	3	4	1185
3816	2012-12-23	2	2	4	960
3818	2012-12-25	3	3	4	1332
3819	2012-12-28	3	2	4	1473
3820	2012-12-29	3	2	4	827
3821	2012-12-30	0	4	4	861
3823	2013-01-02	3	2	0	1320
3824	2013-01-03	2	0	0	623
3825	2013-01-04	3	0	0	736
3826	2013-01-05	1	0	0	949
3827	2013-01-06	2	2	0	1311
3828	2013-01-08	1	4	0	1019
3829	2013-01-09	1	0	0	1201
3830	2013-01-10	4	0	0	1385
3831	2013-01-12	3	4	0	557
3832	2013-01-13	3	1	0	998
3833	2013-01-14	0	4	0	1112
3834	2013-01-16	2	0	0	874
3835	2013-01-17	4	4	0	860
3836	2013-01-19	4	1	0	642
3837	2013-01-20	4	2	0	1221
3838	2013-01-21	3	2	0	697
3839	2013-01-22	0	1	0	787
3841	2013-01-28	3	1	0	922
3842	2013-01-29	1	3	0	1266
3843	2013-01-30	2	2	0	1405
3844	2013-01-31	0	0	0	517
3845	2013-01-01	1	3	1	874
3846	2013-01-02	4	4	1	1107
3850	2013-01-10	1	4	1	1235
3851	2013-01-11	4	4	1	1466
3852	2013-01-12	1	4	1	1097
3853	2013-01-15	4	2	1	797
3854	2013-01-16	4	2	1	1064
3855	2013-01-17	4	3	1	1054
3856	2013-01-19	2	0	1	597
3857	2013-01-23	4	0	1	500
3858	2013-01-24	1	1	1	529
3860	2013-01-27	3	2	1	1030
3861	2013-01-28	0	1	1	791
3863	2013-01-30	2	0	1	584
3864	2013-01-01	1	3	2	510
3865	2013-01-03	1	4	2	544
3866	2013-01-05	3	4	2	1255
3867	2013-01-06	3	2	2	593
3870	2013-01-09	4	1	2	1094
3872	2013-01-12	2	2	2	675
3873	2013-01-14	4	4	2	958
3875	2013-01-18	1	2	2	505
3876	2013-01-19	1	2	2	542
3877	2013-01-20	1	2	2	1185
3879	2013-01-23	0	0	2	894
3880	2013-01-24	3	3	2	707
3881	2013-01-25	1	2	2	1276
3882	2013-01-27	2	3	2	1238
3883	2013-01-28	3	1	2	1384
3884	2013-01-29	2	3	2	761
3886	2013-01-31	3	2	2	728
3887	2013-01-01	3	3	3	1017
3888	2013-01-02	1	4	3	1066
3889	2013-01-04	1	3	3	1026
3890	2013-01-05	0	4	3	1489
3891	2013-01-06	0	4	3	814
3892	2013-01-08	3	4	3	1487
3893	2013-01-10	3	3	3	1404
3895	2013-01-13	1	1	3	1122
3900	2013-01-24	1	2	3	739
3901	2013-01-25	3	1	3	960
3902	2013-01-28	3	1	3	1151
3903	2013-01-30	3	3	3	1299
3904	2013-01-01	4	4	4	1246
3905	2013-01-02	2	4	4	1136
3907	2013-01-06	2	3	4	998
3908	2013-01-08	4	2	4	639
3910	2013-01-11	4	2	4	1252
3911	2013-01-12	3	3	4	1243
3912	2013-01-13	1	0	4	1023
3913	2013-01-15	1	3	4	1112
3914	2013-01-16	1	1	4	801
3915	2013-01-17	2	0	4	981
3916	2013-01-18	1	1	4	541
3917	2013-01-19	4	1	4	1319
3919	2013-01-22	4	1	4	1114
3920	2013-01-24	3	3	4	1390
3921	2013-01-26	0	2	4	1230
3922	2013-01-27	1	1	4	954
3923	2013-01-28	4	1	4	521
3924	2013-01-29	1	2	4	653
3925	2013-01-30	1	1	4	638
3926	2013-02-01	2	2	0	1441
3928	2013-02-04	2	4	0	619
3929	2013-02-06	4	4	0	969
3930	2013-02-07	1	2	0	694
3931	2013-02-08	3	1	0	1278
3933	2013-02-12	2	2	0	1267
3935	2013-02-14	2	1	0	802
3936	2013-02-17	2	1	0	1161
3937	2013-02-19	4	0	0	1101
3938	2013-02-23	4	1	0	644
3940	2013-02-26	3	2	0	812
3941	2013-02-27	2	2	0	1318
3942	2013-02-28	3	1	0	1275
3943	2013-02-02	3	4	1	977
3944	2013-02-03	4	3	1	1364
3947	2013-02-06	4	1	1	1312
3948	2013-02-07	0	2	1	502
3949	2013-02-08	2	1	1	594
3950	2013-02-09	2	4	1	974
3951	2013-02-10	4	1	1	1412
3952	2013-02-11	1	0	1	1047
3954	2013-02-13	2	4	1	1484
3955	2013-02-15	3	2	1	586
3957	2013-02-19	4	1	1	963
3958	2013-02-20	1	1	1	685
3960	2013-02-23	1	4	1	1097
3961	2013-02-24	2	0	1	1190
3963	2013-02-27	1	3	1	1411
3964	2013-02-28	4	0	1	882
3965	2013-02-01	4	4	2	1231
3967	2013-02-03	1	2	2	1474
3969	2013-02-06	0	2	2	1180
3970	2013-02-07	0	1	2	511
3971	2013-02-08	3	2	2	505
3972	2013-02-09	2	4	2	664
3973	2013-02-11	0	0	2	594
3974	2013-02-12	3	4	2	1110
3975	2013-02-13	2	2	2	720
3976	2013-02-15	1	4	2	1312
3980	2013-02-20	3	3	2	614
3981	2013-02-21	1	3	2	925
3982	2013-02-22	4	2	2	1179
3983	2013-02-24	1	4	2	901
3984	2013-02-25	2	1	2	1018
3985	2013-02-26	0	1	2	721
3986	2013-02-27	3	1	2	1229
3987	2013-02-01	1	3	3	633
3988	2013-02-04	0	1	3	845
3989	2013-02-05	1	1	3	949
3990	2013-02-06	0	1	3	773
3991	2013-02-07	2	3	3	1234
3992	2013-02-09	2	0	3	786
3993	2013-02-10	0	3	3	1203
3994	2013-02-13	2	1	3	623
3995	2013-02-14	3	1	3	608
3996	2013-02-15	3	3	3	1292
3997	2013-02-17	4	2	3	1174
3998	2013-02-18	3	3	3	1388
3999	2013-02-19	1	2	3	1151
4000	2013-02-21	1	2	3	585
4001	2013-02-22	2	1	3	948
4002	2013-02-23	1	4	3	1300
4003	2013-02-25	0	1	3	772
4004	2013-02-26	1	2	3	1034
4005	2013-02-28	1	4	3	1307
4006	2013-02-01	3	4	4	737
4007	2013-02-02	3	1	4	1127
4008	2013-02-03	1	1	4	595
4009	2013-02-04	0	1	4	887
4010	2013-02-05	3	1	4	742
4011	2013-02-06	0	4	4	847
4012	2013-02-07	0	0	4	963
4013	2013-02-09	4	4	4	576
4014	2013-02-10	3	3	4	1268
4015	2013-02-11	1	3	4	1223
4016	2013-02-12	1	1	4	1366
4018	2013-02-15	3	1	4	854
4019	2013-02-16	2	1	4	1387
4020	2013-02-17	1	1	4	625
4022	2013-02-19	4	2	4	917
4023	2013-02-20	2	4	4	924
4024	2013-02-22	3	3	4	1161
4026	2013-02-24	1	4	4	645
4027	2013-02-25	4	4	4	1080
4029	2013-02-28	1	3	4	1133
4030	2013-03-01	1	1	0	1253
4031	2013-03-03	4	1	0	1464
4032	2013-03-05	4	3	0	800
4033	2013-03-06	1	3	0	734
4035	2013-03-08	4	2	0	576
4036	2013-03-09	2	4	0	1464
4038	2013-03-12	4	2	0	634
4039	2013-03-13	1	4	0	1047
4040	2013-03-15	4	3	0	867
4041	2013-03-16	3	4	0	868
4042	2013-03-17	3	2	0	1235
4043	2013-03-18	4	3	0	987
4044	2013-03-20	4	4	0	667
4046	2013-03-22	2	3	0	855
4047	2013-03-23	3	2	0	628
4048	2013-03-24	2	4	0	1356
4049	2013-03-26	0	2	0	662
4050	2013-03-27	0	4	0	980
4051	2013-03-30	1	4	0	1466
4053	2013-03-01	2	2	1	1176
4056	2013-03-04	3	3	1	874
4057	2013-03-06	0	4	1	720
4058	2013-03-08	1	0	1	915
4059	2013-03-09	3	2	1	872
4060	2013-03-10	2	4	1	1066
4061	2013-03-11	0	3	1	1126
4062	2013-03-14	1	2	1	1460
4063	2013-03-15	1	2	1	722
4064	2013-03-16	1	4	1	1381
4065	2013-03-19	3	3	1	1057
4066	2013-03-20	3	3	1	1364
4067	2013-03-22	1	1	1	948
4068	2013-03-23	4	4	1	578
4069	2013-03-27	0	1	1	1270
4070	2013-03-28	4	0	1	953
4071	2013-03-29	2	1	1	1406
4073	2013-03-31	1	4	1	1266
4074	2013-03-01	4	0	2	1335
4075	2013-03-03	4	3	2	1005
4076	2013-03-05	4	2	2	1155
4077	2013-03-06	3	2	2	1002
4078	2013-03-07	2	4	2	884
4079	2013-03-08	3	3	2	1366
4080	2013-03-11	1	4	2	1293
4081	2013-03-12	4	1	2	786
4082	2013-03-13	2	4	2	600
4083	2013-03-14	2	0	2	920
4084	2013-03-15	3	2	2	718
4085	2013-03-17	1	4	2	802
4086	2013-03-18	3	2	2	1056
4087	2013-03-19	2	2	2	765
4088	2013-03-20	1	4	2	1050
4089	2013-03-21	2	0	2	1242
4090	2013-03-22	2	3	2	1165
4091	2013-03-23	0	0	2	1421
4092	2013-03-24	3	1	2	550
4094	2013-03-28	3	0	2	1275
4097	2013-03-03	4	2	3	581
4098	2013-03-04	1	4	3	937
4099	2013-03-05	4	2	3	1442
4100	2013-03-07	3	3	3	785
4101	2013-03-09	2	4	3	1097
4102	2013-03-10	4	2	3	993
4103	2013-03-13	1	4	3	1307
4104	2013-03-15	4	3	3	521
4105	2013-03-17	3	3	3	833
4106	2013-03-19	3	2	3	1078
4107	2013-03-20	4	4	3	670
4108	2013-03-22	0	1	3	799
4109	2013-03-23	1	1	3	663
4110	2013-03-24	1	3	3	943
4111	2013-03-26	1	1	3	1116
4113	2013-03-29	4	1	3	1156
4114	2013-03-30	4	1	3	1487
4116	2013-03-01	1	3	4	1056
4117	2013-03-03	4	2	4	1308
4118	2013-03-04	2	3	4	1461
4121	2013-03-08	3	2	4	1346
4122	2013-03-09	2	3	4	723
4123	2013-03-10	2	1	4	777
4124	2013-03-12	4	0	4	1072
4126	2013-03-14	3	0	4	813
4127	2013-03-15	4	4	4	1476
4128	2013-03-16	3	2	4	1175
4130	2013-03-19	0	2	4	779
4132	2013-03-21	3	4	4	1065
4133	2013-03-22	3	4	4	572
4134	2013-03-23	4	3	4	1028
4135	2013-03-24	4	2	4	1160
4136	2013-03-25	3	2	4	800
4137	2013-03-26	2	3	4	609
4138	2013-03-27	2	4	4	1284
4139	2013-03-29	1	4	4	1397
4140	2013-03-30	4	3	4	979
4141	2013-03-31	3	1	4	861
4142	2013-04-01	4	1	0	774
4144	2013-04-05	4	3	0	510
4145	2013-04-06	2	0	0	1435
4146	2013-04-09	4	4	0	591
4147	2013-04-11	3	3	0	1442
4148	2013-04-13	2	3	0	1109
4149	2013-04-14	2	4	0	529
4150	2013-04-15	2	1	0	1377
4151	2013-04-16	2	3	0	1057
4152	2013-04-17	2	3	0	1344
4154	2013-04-19	1	4	0	517
4155	2013-04-20	3	0	0	1116
4156	2013-04-22	4	0	0	1075
4157	2013-04-23	2	4	0	1377
4158	2013-04-26	2	0	0	693
4159	2013-04-27	2	4	0	778
4160	2013-04-28	4	3	0	874
4161	2013-04-29	1	4	0	1109
4162	2013-04-30	4	0	0	1322
4163	2013-04-02	3	0	1	1440
4165	2013-04-05	4	0	1	1206
4166	2013-04-09	1	2	1	1343
4167	2013-04-10	3	2	1	1280
4169	2013-04-12	1	4	1	511
4170	2013-04-13	1	1	1	872
4171	2013-04-15	2	1	1	854
4172	2013-04-16	3	4	1	599
4173	2013-04-17	2	2	1	1290
4174	2013-04-18	2	1	1	1121
4175	2013-04-19	1	1	1	1391
4176	2013-04-21	0	1	1	526
4177	2013-04-22	3	1	1	937
4180	2013-04-30	1	1	1	1181
4181	2013-04-01	3	2	2	1348
4182	2013-04-02	2	0	2	513
4183	2013-04-05	2	2	2	937
4184	2013-04-06	3	2	2	1133
4185	2013-04-08	2	3	2	1406
4186	2013-04-09	2	3	2	636
4188	2013-04-12	2	4	2	1053
4189	2013-04-13	2	1	2	866
4190	2013-04-14	4	1	2	1161
4191	2013-04-16	1	1	2	630
4192	2013-04-17	4	4	2	1053
4193	2013-04-18	0	0	2	819
4194	2013-04-19	4	1	2	653
4195	2013-04-20	0	2	2	843
4197	2013-04-22	4	1	2	1319
4198	2013-04-23	2	2	2	1010
4199	2013-04-25	3	3	2	627
4201	2013-04-27	3	1	2	847
4202	2013-04-28	4	2	2	1279
4203	2013-04-29	2	4	2	1013
4205	2013-04-01	1	2	3	627
4206	2013-04-04	0	2	3	1468
4207	2013-04-06	2	3	3	933
4208	2013-04-07	4	4	3	858
4210	2013-04-09	4	2	3	804
4211	2013-04-11	3	1	3	970
4213	2013-04-14	1	0	3	935
4214	2013-04-15	3	3	3	908
4215	2013-04-16	2	2	3	891
4216	2013-04-17	0	0	3	1058
4217	2013-04-18	2	1	3	822
4218	2013-04-19	0	4	3	917
4219	2013-04-21	0	4	3	1169
4220	2013-04-22	4	1	3	671
4222	2013-04-24	0	2	3	963
4223	2013-04-26	3	2	3	1190
4224	2013-04-30	0	1	3	1403
4226	2013-04-02	2	2	4	1493
4227	2013-04-03	1	3	4	1288
4229	2013-04-06	3	4	4	776
4231	2013-04-10	3	1	4	1476
4232	2013-04-11	3	4	4	1179
4233	2013-04-12	3	4	4	1467
4234	2013-04-13	1	1	4	1337
4235	2013-04-15	4	4	4	1060
4236	2013-04-16	1	2	4	613
4237	2013-04-17	3	2	4	1161
4238	2013-04-19	0	2	4	728
4239	2013-04-20	3	0	4	535
4240	2013-04-21	2	2	4	515
4241	2013-04-22	3	1	4	929
4242	2013-04-24	2	4	4	771
4243	2013-04-26	4	3	4	1200
4244	2013-04-27	1	0	4	1253
4246	2013-05-01	4	2	0	851
4247	2013-05-04	4	2	0	840
4249	2013-05-07	2	1	0	810
4250	2013-05-10	4	1	0	726
4251	2013-05-12	4	0	0	646
4252	2013-05-13	2	4	0	1324
4253	2013-05-15	2	3	0	956
4254	2013-05-16	1	1	0	941
4255	2013-05-18	3	0	0	535
4256	2013-05-21	2	2	0	1049
4257	2013-05-22	1	2	0	794
4258	2013-05-23	3	4	0	813
4259	2013-05-24	4	4	0	1401
4262	2013-05-27	2	1	0	776
4263	2013-05-28	1	1	0	1443
4265	2013-05-30	4	0	0	1087
4266	2013-05-31	2	2	0	1432
4267	2013-05-01	1	2	1	853
4268	2013-05-02	0	0	1	964
4269	2013-05-03	3	1	1	1383
4270	2013-05-04	1	2	1	853
4271	2013-05-05	2	2	1	939
4272	2013-05-07	4	1	1	857
4276	2013-05-13	1	1	1	1004
4277	2013-05-14	1	0	1	841
4278	2013-05-15	3	3	1	805
4279	2013-05-16	1	4	1	941
4281	2013-05-18	3	0	1	1144
4282	2013-05-19	2	2	1	781
4283	2013-05-20	3	2	1	615
4284	2013-05-24	2	2	1	503
4285	2013-05-26	4	1	1	742
4286	2013-05-27	2	4	1	883
4287	2013-05-30	4	3	1	1155
4288	2013-05-31	1	1	1	801
4289	2013-05-01	1	1	2	848
4290	2013-05-02	3	1	2	760
4293	2013-05-07	4	4	2	1374
4294	2013-05-09	2	3	2	1481
4296	2013-05-11	3	4	2	1450
4297	2013-05-13	4	1	2	848
4298	2013-05-16	2	1	2	1299
4300	2013-05-20	1	2	2	594
4301	2013-05-21	3	0	2	1488
4303	2013-05-24	2	3	2	1307
4304	2013-05-25	4	3	2	1492
4305	2013-05-27	4	1	2	829
4309	2013-05-03	2	1	3	1074
4310	2013-05-05	4	4	3	684
4311	2013-05-06	2	2	3	1441
4312	2013-05-07	1	0	3	1500
4313	2013-05-08	2	0	3	975
4314	2013-05-09	4	1	3	889
4315	2013-05-10	3	3	3	1449
4316	2013-05-11	4	1	3	640
4318	2013-05-15	2	2	3	604
4319	2013-05-16	4	3	3	1248
4320	2013-05-17	1	4	3	1344
4321	2013-05-19	1	2	3	782
4322	2013-05-21	2	3	3	1436
4323	2013-05-25	1	4	3	1497
4326	2013-05-29	3	3	3	1071
4327	2013-05-30	1	1	3	1040
4328	2013-05-01	2	4	4	511
4329	2013-05-02	3	4	4	1104
4330	2013-05-05	0	4	4	1028
4331	2013-05-08	0	1	4	514
4332	2013-05-10	1	2	4	941
4333	2013-05-11	1	2	4	678
4334	2013-05-13	0	1	4	1127
4335	2013-05-14	4	1	4	642
4336	2013-05-16	3	4	4	1418
4337	2013-05-17	2	4	4	510
4338	2013-05-18	3	0	4	575
4340	2013-05-21	1	2	4	564
4342	2013-05-23	4	4	4	627
4343	2013-05-25	3	3	4	562
4344	2013-05-26	4	3	4	1106
4345	2013-05-27	2	1	4	1077
4346	2013-05-28	1	2	4	1120
4347	2013-05-30	2	1	4	672
4348	2013-05-31	2	3	4	1495
4349	2013-06-01	1	0	0	1500
4353	2013-06-08	2	2	0	852
4354	2013-06-10	1	4	0	960
4355	2013-06-11	4	2	0	1228
4358	2013-06-15	2	2	0	758
4359	2013-06-16	4	0	0	728
4360	2013-06-17	3	1	0	1266
4361	2013-06-21	3	2	0	629
4362	2013-06-22	2	3	0	764
4364	2013-06-25	3	4	0	1228
4365	2013-06-26	4	0	0	750
4366	2013-06-28	0	4	0	1071
4368	2013-06-30	3	0	0	558
4370	2013-06-02	3	1	1	980
4372	2013-06-04	3	2	1	783
4373	2013-06-05	0	3	1	920
4375	2013-06-07	2	1	1	1388
4376	2013-06-08	1	3	1	633
4377	2013-06-09	3	1	1	1276
4378	2013-06-11	4	2	1	1263
4380	2013-06-16	2	1	1	960
4381	2013-06-18	0	1	1	565
4382	2013-06-20	3	2	1	1404
4384	2013-06-22	3	1	1	1157
4385	2013-06-25	1	4	1	855
4386	2013-06-26	0	2	1	780
4388	2013-06-28	2	4	1	830
4389	2013-06-29	1	0	1	1424
4392	2013-06-04	4	0	2	1234
4394	2013-06-06	3	3	2	688
4395	2013-06-07	4	0	2	563
4397	2013-06-09	4	4	2	653
4399	2013-06-11	3	3	2	1022
4400	2013-06-12	2	4	2	1290
4401	2013-06-13	0	1	2	1341
4402	2013-06-14	2	4	2	1433
4403	2013-06-15	2	3	2	765
4404	2013-06-16	1	4	2	583
4405	2013-06-17	4	0	2	929
4407	2013-06-19	3	4	2	857
4408	2013-06-20	3	3	2	1239
4410	2013-06-23	0	3	2	1034
4412	2013-06-27	0	2	2	1231
4413	2013-06-28	3	3	2	581
4414	2013-06-29	4	4	2	836
4416	2013-06-02	1	1	3	1384
4417	2013-06-05	2	1	3	1089
4418	2013-06-06	1	1	3	1334
4420	2013-06-09	3	2	3	1383
4421	2013-06-10	2	3	3	1294
4422	2013-06-12	0	2	3	1468
4424	2013-06-15	1	4	3	1160
4426	2013-06-17	2	4	3	859
4427	2013-06-18	1	1	3	1264
4428	2013-06-19	2	2	3	1097
4430	2013-06-22	3	0	3	865
4431	2013-06-23	4	4	3	675
4432	2013-06-25	0	2	3	657
4433	2013-06-26	3	4	3	994
4434	2013-06-28	3	2	3	1024
4436	2013-06-30	2	3	3	885
4437	2013-06-01	1	4	4	1275
4438	2013-06-02	3	2	4	1392
4439	2013-06-03	3	0	4	609
4440	2013-06-04	4	0	4	817
4441	2013-06-05	0	4	4	906
4442	2013-06-06	1	1	4	1442
4443	2013-06-07	4	2	4	847
4444	2013-06-08	4	2	4	1213
4445	2013-06-09	1	4	4	526
4447	2013-06-15	3	1	4	1110
4448	2013-06-16	0	4	4	1374
4449	2013-06-17	1	4	4	1046
4450	2013-06-21	0	2	4	923
4452	2013-06-23	0	3	4	969
4453	2013-06-25	2	4	4	1143
4455	2013-06-30	1	2	4	1215
4456	2013-07-01	3	1	0	878
4457	2013-07-03	3	2	0	860
4458	2013-07-04	2	2	0	1251
4459	2013-07-06	4	2	0	834
4460	2013-07-07	1	2	0	1285
4461	2013-07-08	3	3	0	909
4462	2013-07-09	1	0	0	1463
4464	2013-07-13	2	2	0	971
4465	2013-07-16	1	2	0	938
4466	2013-07-17	2	2	0	518
4467	2013-07-19	3	3	0	638
4468	2013-07-20	2	1	0	833
4469	2013-07-21	0	1	0	803
4471	2013-07-24	3	2	0	755
4472	2013-07-27	2	0	0	1021
4473	2013-07-28	3	4	0	1179
4474	2013-07-01	2	2	1	780
4476	2013-07-04	4	4	1	1266
4477	2013-07-05	4	1	1	1334
4478	2013-07-06	1	3	1	665
4479	2013-07-07	2	1	1	1246
4480	2013-07-08	4	2	1	521
4481	2013-07-09	2	1	1	768
4484	2013-07-15	2	0	1	1047
4485	2013-07-16	2	3	1	855
4487	2013-07-19	2	2	1	925
4488	2013-07-20	3	0	1	509
4491	2013-07-24	0	2	1	1131
4493	2013-07-28	2	4	1	1074
4494	2013-07-29	4	4	1	1470
4496	2013-07-31	1	1	1	865
4497	2013-07-02	0	2	2	535
4498	2013-07-03	1	2	2	535
4499	2013-07-07	1	1	2	1123
4500	2013-07-11	4	1	2	679
4503	2013-07-16	4	2	2	538
4504	2013-07-17	2	2	2	763
4506	2013-07-19	1	2	2	1292
4507	2013-07-25	2	4	2	923
4509	2013-07-28	1	1	2	635
4510	2013-07-31	1	1	2	1083
4511	2013-07-02	0	3	3	1443
4512	2013-07-03	4	3	3	1158
4513	2013-07-05	3	1	3	919
4514	2013-07-06	3	0	3	707
4515	2013-07-07	3	2	3	1455
4516	2013-07-08	4	1	3	1041
4518	2013-07-10	2	3	3	1215
4519	2013-07-11	3	3	3	1211
4520	2013-07-12	4	4	3	1173
4521	2013-07-13	4	1	3	1305
4522	2013-07-15	4	1	3	1159
4523	2013-07-18	4	3	3	989
4524	2013-07-19	1	1	3	612
4525	2013-07-20	2	3	3	1108
4526	2013-07-21	2	4	3	1343
4527	2013-07-22	2	2	3	1209
4528	2013-07-23	1	3	3	1340
4529	2013-07-25	3	4	3	877
4530	2013-07-26	2	3	3	999
4531	2013-07-28	1	1	3	750
4532	2013-07-31	0	3	3	1479
4534	2013-07-03	4	4	4	1430
4535	2013-07-04	4	2	4	1259
4536	2013-07-05	4	4	4	1440
4537	2013-07-06	1	4	4	1087
4538	2013-07-07	3	3	4	1169
4540	2013-07-10	0	2	4	860
4541	2013-07-13	2	4	4	1437
4542	2013-07-15	4	1	4	568
4543	2013-07-16	4	1	4	902
4547	2013-07-22	1	0	4	684
4550	2013-07-28	2	4	4	851
4551	2013-07-29	0	3	4	1007
4552	2013-07-30	2	4	4	955
4553	2013-07-31	3	0	4	661
4556	2013-08-03	2	4	0	1359
4557	2013-08-04	4	1	0	1426
4558	2013-08-05	1	0	0	911
4559	2013-08-06	4	1	0	1398
4560	2013-08-07	4	4	0	1277
4561	2013-08-08	3	3	0	1330
4562	2013-08-10	1	4	0	844
4563	2013-08-11	2	2	0	916
4564	2013-08-12	4	4	0	623
4565	2013-08-14	3	1	0	978
4566	2013-08-16	1	0	0	765
4567	2013-08-18	3	0	0	604
4568	2013-08-19	4	2	0	1063
4569	2013-08-23	1	1	0	962
4570	2013-08-24	2	1	0	720
4571	2013-08-25	4	1	0	547
4572	2013-08-27	1	3	0	546
4573	2013-08-28	4	1	0	920
4574	2013-08-31	3	2	0	1280
4575	2013-08-01	2	0	1	1088
4576	2013-08-03	1	2	1	521
4577	2013-08-04	1	3	1	883
4578	2013-08-05	3	4	1	868
4579	2013-08-07	0	0	1	721
4581	2013-08-11	3	2	1	947
4582	2013-08-13	4	2	1	1146
4583	2013-08-16	2	2	1	1324
4585	2013-08-18	3	1	1	1397
4586	2013-08-20	1	1	1	1251
4587	2013-08-21	3	4	1	1130
4589	2013-08-23	4	3	1	800
4590	2013-08-24	2	0	1	665
4591	2013-08-25	3	4	1	974
4592	2013-08-27	3	1	1	1402
4593	2013-08-29	3	2	1	552
4594	2013-08-30	3	2	1	913
4595	2013-08-02	1	4	2	1204
4596	2013-08-03	4	0	2	705
4598	2013-08-06	1	3	2	1297
4600	2013-08-08	3	0	2	962
4601	2013-08-10	1	2	2	843
4602	2013-08-11	3	3	2	1210
4604	2013-08-15	2	1	2	941
4605	2013-08-17	1	1	2	1125
4606	2013-08-20	4	4	2	1352
4607	2013-08-21	4	4	2	678
4608	2013-08-22	3	3	2	752
4609	2013-08-23	0	4	2	905
4612	2013-08-30	3	1	2	512
4614	2013-08-01	3	3	3	791
4615	2013-08-02	2	2	3	1429
4616	2013-08-03	4	4	3	612
4617	2013-08-04	2	3	3	1198
4618	2013-08-05	2	2	3	829
4621	2013-08-10	2	4	3	1216
4622	2013-08-11	4	1	3	861
4625	2013-08-17	3	0	3	1306
4626	2013-08-18	1	4	3	916
4627	2013-08-19	0	2	3	1269
4628	2013-08-20	0	4	3	759
4630	2013-08-22	2	4	3	799
4631	2013-08-23	2	3	3	1089
4633	2013-08-27	3	4	3	608
4634	2013-08-28	0	1	3	521
4635	2013-08-30	1	1	3	1187
4636	2013-08-31	2	3	3	1181
4638	2013-08-03	4	3	4	990
4639	2013-08-06	1	4	4	817
4640	2013-08-07	3	2	4	1032
4642	2013-08-09	4	4	4	1147
4643	2013-08-10	3	1	4	1011
4644	2013-08-11	0	3	4	1131
4645	2013-08-12	2	3	4	1081
4646	2013-08-13	1	2	4	982
4647	2013-08-14	3	3	4	900
4648	2013-08-15	4	0	4	1183
4649	2013-08-16	2	2	4	597
4650	2013-08-17	1	2	4	662
4651	2013-08-18	2	1	4	537
4652	2013-08-19	1	4	4	1405
4653	2013-08-20	0	3	4	731
4654	2013-08-21	2	2	4	1131
4655	2013-08-22	3	2	4	935
4657	2013-08-24	4	4	4	1237
4658	2013-08-25	3	4	4	1225
4659	2013-08-27	3	4	4	1087
4660	2013-08-28	4	1	4	877
4661	2013-08-29	0	4	4	858
4662	2013-08-31	2	1	4	778
4663	2013-09-02	1	4	0	1146
4664	2013-09-05	4	3	0	973
4665	2013-09-06	3	0	0	1332
4666	2013-09-07	1	4	0	1401
4667	2013-09-08	1	0	0	1229
4668	2013-09-09	2	1	0	1068
4669	2013-09-12	1	2	0	528
4670	2013-09-13	3	3	0	1103
4671	2013-09-17	4	2	0	536
4673	2013-09-19	4	3	0	1086
4674	2013-09-21	0	4	0	1339
4675	2013-09-22	1	4	0	1127
4676	2013-09-23	4	4	0	586
4677	2013-09-24	3	1	0	574
4679	2013-09-26	4	3	0	828
4680	2013-09-28	4	1	0	658
4681	2013-09-29	3	1	0	504
4682	2013-09-04	4	0	1	707
4683	2013-09-06	4	2	1	1497
4684	2013-09-07	2	0	1	1464
4686	2013-09-09	3	0	1	1202
4687	2013-09-11	0	4	1	565
4688	2013-09-12	2	4	1	1093
4689	2013-09-14	2	1	1	1128
4690	2013-09-15	2	1	1	1004
4691	2013-09-16	4	1	1	987
4692	2013-09-18	3	2	1	537
4693	2013-09-19	1	3	1	733
4694	2013-09-20	4	1	1	623
4695	2013-09-21	2	3	1	654
4696	2013-09-22	1	2	1	842
4698	2013-09-26	3	1	1	1107
4699	2013-09-28	3	2	1	1181
4700	2013-09-29	2	3	1	716
4701	2013-09-30	2	0	1	1122
4702	2013-09-01	2	3	2	759
4703	2013-09-05	4	4	2	1337
4704	2013-09-08	1	0	2	843
4705	2013-09-09	3	4	2	1471
4706	2013-09-10	1	4	2	1318
4707	2013-09-12	4	0	2	1243
4708	2013-09-14	0	4	2	625
4709	2013-09-15	4	0	2	669
4710	2013-09-16	2	4	2	801
4711	2013-09-18	2	1	2	872
4712	2013-09-20	0	4	2	522
4715	2013-09-24	4	4	2	631
4716	2013-09-25	1	4	2	796
4717	2013-09-26	1	1	2	515
4718	2013-09-29	0	3	2	1346
4721	2013-09-02	4	3	3	583
4722	2013-09-03	2	3	3	1410
4723	2013-09-04	2	3	3	1306
4724	2013-09-05	3	0	3	764
4725	2013-09-06	1	1	3	1113
4726	2013-09-07	0	4	3	744
4727	2013-09-09	4	4	3	754
4728	2013-09-10	2	3	3	525
4729	2013-09-11	4	3	3	1164
4731	2013-09-14	4	2	3	1299
4732	2013-09-15	1	4	3	1202
4733	2013-09-16	3	3	3	986
4734	2013-09-17	4	0	3	916
4735	2013-09-18	2	2	3	1101
4737	2013-09-21	1	2	3	854
4738	2013-09-22	3	1	3	1076
4740	2013-09-24	1	4	3	771
4742	2013-09-27	2	3	3	1419
4743	2013-09-28	1	4	3	1257
4744	2013-09-01	3	1	4	1455
4746	2013-09-05	2	3	4	1137
4747	2013-09-06	2	2	4	1159
4748	2013-09-07	4	1	4	1046
4749	2013-09-08	2	4	4	678
4750	2013-09-09	1	1	4	1429
4751	2013-09-10	4	1	4	535
4752	2013-09-11	1	4	4	957
4754	2013-09-16	2	4	4	514
4755	2013-09-18	3	4	4	964
4756	2013-09-20	3	3	4	1120
4757	2013-09-22	0	3	4	676
4758	2013-09-23	2	0	4	1006
4760	2013-09-26	3	4	4	1040
4761	2013-09-29	3	0	4	1259
4763	2013-10-01	4	4	0	554
4764	2013-10-02	4	4	0	1358
4765	2013-10-03	1	1	0	951
4766	2013-10-04	4	2	0	1180
4767	2013-10-05	4	1	0	1344
4768	2013-10-06	0	0	0	1382
4770	2013-10-08	2	4	0	975
4772	2013-10-11	4	3	0	1473
4773	2013-10-12	2	3	0	827
4774	2013-10-13	1	1	0	1076
4775	2013-10-14	3	4	0	972
4776	2013-10-15	4	3	0	1153
4777	2013-10-17	2	4	0	1112
4779	2013-10-23	3	2	0	599
4780	2013-10-24	3	3	0	743
4782	2013-10-27	4	3	0	1336
4783	2013-10-28	1	1	0	602
4784	2013-10-29	0	3	0	504
4785	2013-10-30	1	4	0	998
4786	2013-10-31	0	4	0	877
4787	2013-10-01	3	2	1	1180
4789	2013-10-03	3	2	1	1151
4790	2013-10-04	4	3	1	1018
4791	2013-10-05	2	3	1	1117
4793	2013-10-08	4	0	1	1021
4794	2013-10-13	1	3	1	663
4796	2013-10-16	2	1	1	1406
4798	2013-10-19	2	1	1	1326
4799	2013-10-20	3	3	1	901
4800	2013-10-22	1	3	1	1100
4801	2013-10-23	2	1	1	1013
4802	2013-10-24	0	2	1	1042
4803	2013-10-25	3	3	1	1301
4804	2013-10-26	1	1	1	1321
4805	2013-10-27	3	2	1	624
4806	2013-10-28	1	2	1	1179
4807	2013-10-31	1	3	1	1258
4808	2013-10-01	2	3	2	877
4809	2013-10-02	3	4	2	997
4810	2013-10-03	3	4	2	1390
4811	2013-10-04	3	4	2	777
4812	2013-10-05	1	3	2	1404
4813	2013-10-08	3	2	2	1123
4814	2013-10-11	1	0	2	655
4815	2013-10-12	2	1	2	736
4816	2013-10-13	2	3	2	762
4817	2013-10-16	1	4	2	1452
4820	2013-10-19	4	3	2	631
4821	2013-10-20	1	4	2	724
4822	2013-10-21	2	3	2	946
4823	2013-10-22	2	3	2	1293
4824	2013-10-23	0	4	2	602
4826	2013-10-26	3	2	2	1034
4827	2013-10-27	4	2	2	1277
4828	2013-10-28	4	3	2	1485
4829	2013-10-29	1	3	2	1139
4831	2013-10-31	4	1	2	638
4832	2013-10-02	1	3	3	1364
4833	2013-10-03	1	2	3	1399
4834	2013-10-04	3	3	3	865
4835	2013-10-07	2	4	3	1199
4836	2013-10-08	2	0	3	1441
4837	2013-10-10	1	2	3	913
4838	2013-10-11	1	2	3	1051
4839	2013-10-12	4	4	3	1402
4841	2013-10-14	2	1	3	717
4842	2013-10-15	2	2	3	1032
4843	2013-10-17	1	3	3	1418
4844	2013-10-18	1	0	3	794
4845	2013-10-19	2	2	3	848
4849	2013-10-28	4	0	3	562
4850	2013-10-29	1	3	3	1445
4852	2013-10-01	1	4	4	1221
4854	2013-10-03	2	1	4	1147
4855	2013-10-04	4	0	4	1404
4856	2013-10-05	4	1	4	575
4857	2013-10-06	3	0	4	1027
4858	2013-10-07	0	3	4	1325
4861	2013-10-10	1	3	4	530
4863	2013-10-13	1	0	4	819
4864	2013-10-17	1	1	4	1425
4865	2013-10-18	1	3	4	981
4866	2013-10-22	0	1	4	621
4867	2013-10-23	1	4	4	588
4868	2013-10-24	1	3	4	519
4869	2013-10-25	4	3	4	820
4870	2013-10-26	3	1	4	1269
4871	2013-10-28	1	3	4	1444
4873	2013-10-31	4	1	4	1322
4874	2013-11-04	2	1	0	1261
4875	2013-11-06	1	4	0	1324
4876	2013-11-08	4	2	0	1213
4877	2013-11-09	1	1	0	861
4879	2013-11-11	3	2	0	1277
4880	2013-11-12	1	3	0	1374
4881	2013-11-13	2	3	0	1055
4882	2013-11-15	2	3	0	682
4883	2013-11-16	3	3	0	1418
4884	2013-11-17	1	3	0	1365
4885	2013-11-18	4	2	0	1200
4886	2013-11-19	3	1	0	1307
4887	2013-11-20	0	2	0	1251
4889	2013-11-23	1	2	0	1143
4890	2013-11-24	0	1	0	832
4891	2013-11-26	4	3	0	638
4892	2013-11-27	2	3	0	832
4894	2013-11-30	1	1	0	777
4895	2013-11-01	3	3	1	1309
4896	2013-11-02	1	0	1	807
4897	2013-11-03	3	2	1	1450
4898	2013-11-04	3	0	1	1257
4899	2013-11-06	3	2	1	1238
4900	2013-11-07	2	2	1	1267
4901	2013-11-08	1	4	1	613
4903	2013-11-10	4	4	1	1045
4904	2013-11-11	2	2	1	829
4905	2013-11-12	1	4	1	884
4906	2013-11-13	2	2	1	978
4908	2013-11-16	1	4	1	767
4909	2013-11-17	1	4	1	1186
4910	2013-11-18	0	1	1	775
4912	2013-11-20	3	2	1	1486
4915	2013-11-24	1	1	1	1206
4916	2013-11-25	2	0	1	629
4917	2013-11-26	3	3	1	1136
4919	2013-11-28	0	4	1	1087
4920	2013-11-29	0	2	1	767
4921	2013-11-30	4	2	1	877
4922	2013-11-02	1	3	2	1204
4923	2013-11-03	2	4	2	1436
4924	2013-11-05	4	0	2	1448
4926	2013-11-10	4	1	2	1172
4928	2013-11-13	3	1	2	966
4929	2013-11-14	1	2	2	775
4931	2013-11-17	1	4	2	965
4932	2013-11-18	3	3	2	614
4933	2013-11-19	0	2	2	1483
4934	2013-11-20	0	2	2	757
4935	2013-11-21	2	1	2	602
4936	2013-11-23	3	1	2	1296
4937	2013-11-28	4	0	2	1072
4938	2013-11-29	3	0	2	763
4939	2013-11-01	1	1	3	1417
4940	2013-11-03	0	2	3	750
4941	2013-11-05	1	4	3	1237
4942	2013-11-06	4	3	3	910
4944	2013-11-10	1	3	3	1243
4945	2013-11-11	3	1	3	951
4948	2013-11-14	2	4	3	978
4949	2013-11-15	1	3	3	1244
4950	2013-11-16	1	0	3	1140
4951	2013-11-19	2	3	3	1276
4952	2013-11-20	1	4	3	1446
4953	2013-11-22	3	2	3	960
4954	2013-11-23	2	2	3	1364
4955	2013-11-26	3	3	3	962
4956	2013-11-27	0	4	3	1226
4957	2013-11-30	2	4	3	547
4958	2013-11-02	2	2	4	1144
4959	2013-11-03	2	0	4	1272
4960	2013-11-04	1	1	4	1454
4961	2013-11-05	1	0	4	1092
4962	2013-11-06	2	1	4	797
4963	2013-11-07	1	1	4	1322
4965	2013-11-10	2	1	4	943
4966	2013-11-12	1	0	4	1493
4968	2013-11-14	2	2	4	670
4969	2013-11-15	2	4	4	1332
4971	2013-11-18	2	3	4	1201
4972	2013-11-20	3	4	4	1179
4973	2013-11-21	4	3	4	1367
4974	2013-11-22	3	1	4	1498
4975	2013-11-23	4	1	4	968
4976	2013-11-24	2	3	4	538
4977	2013-12-01	1	2	0	1072
4978	2013-12-03	1	3	0	972
4979	2013-12-04	4	1	0	1251
4980	2013-12-06	4	1	0	1151
4981	2013-12-07	2	2	0	620
4982	2013-12-08	1	3	0	1214
4984	2013-12-12	2	2	0	877
4985	2013-12-13	2	2	0	1269
4986	2013-12-14	0	2	0	1459
4987	2013-12-15	1	2	0	932
4989	2013-12-17	2	2	0	678
4990	2013-12-18	3	2	0	1096
4991	2013-12-19	2	2	0	776
4992	2013-12-20	4	3	0	1354
4993	2013-12-23	4	3	0	1461
4994	2013-12-24	1	4	0	1322
4996	2013-12-27	0	4	0	1184
4997	2013-12-29	0	2	0	501
4999	2013-12-04	2	4	1	913
5000	2013-12-05	2	4	1	999
5001	2013-12-06	2	1	1	865
5002	2013-12-07	0	2	1	1098
5003	2013-12-08	3	1	1	584
5004	2013-12-10	1	4	1	919
5005	2013-12-12	1	2	1	593
5006	2013-12-13	1	4	1	901
5008	2013-12-16	2	4	1	651
5010	2013-12-19	0	2	1	592
5011	2013-12-20	4	2	1	1030
5012	2013-12-22	3	2	1	1115
5014	2013-12-24	2	3	1	892
5015	2013-12-26	0	3	1	985
5016	2013-12-27	2	0	1	1462
5017	2013-12-28	4	4	1	1246
5018	2013-12-31	4	2	1	648
5019	2013-12-01	0	2	2	1269
5020	2013-12-03	0	2	2	1350
5021	2013-12-04	1	3	2	709
5022	2013-12-05	3	4	2	1176
5023	2013-12-06	4	3	2	579
5024	2013-12-07	0	3	2	1434
5025	2013-12-08	4	1	2	962
5026	2013-12-09	3	3	2	884
5027	2013-12-10	3	2	2	589
5028	2013-12-11	0	1	2	1363
5029	2013-12-13	2	2	2	856
5030	2013-12-14	4	2	2	1143
5031	2013-12-15	3	3	2	1313
5033	2013-12-18	2	4	2	1174
5034	2013-12-19	0	0	2	1072
5035	2013-12-20	4	0	2	905
5036	2013-12-22	4	2	2	719
5037	2013-12-23	3	4	2	615
5038	2013-12-24	3	3	2	946
5040	2013-12-27	2	1	2	1304
5041	2013-12-29	0	0	2	521
5042	2013-12-30	2	4	2	1154
5043	2013-12-01	4	1	3	549
5044	2013-12-02	1	3	3	1379
5045	2013-12-03	3	2	3	1291
5047	2013-12-05	2	3	3	765
5048	2013-12-06	2	1	3	980
5049	2013-12-07	4	4	3	615
5050	2013-12-08	1	1	3	789
5054	2013-12-14	2	4	3	1343
5055	2013-12-15	1	4	3	992
5057	2013-12-18	4	1	3	643
5058	2013-12-19	4	4	3	1319
5059	2013-12-20	3	3	3	1004
5060	2013-12-21	2	2	3	967
5061	2013-12-22	2	4	3	1018
5062	2013-12-23	1	3	3	1359
5064	2013-12-25	4	3	3	1373
5065	2013-12-26	4	2	3	650
5066	2013-12-27	0	3	3	1381
5067	2013-12-28	3	1	3	632
5068	2013-12-30	4	4	3	1199
5069	2013-12-31	1	4	3	1485
5070	2013-12-01	2	2	4	1004
5071	2013-12-04	3	4	4	950
5072	2013-12-05	3	1	4	1113
5073	2013-12-06	4	4	4	1103
5074	2013-12-07	1	2	4	1440
5075	2013-12-10	4	2	4	1039
5076	2013-12-11	1	4	4	986
5077	2013-12-15	4	3	4	642
5078	2013-12-16	1	4	4	1002
5080	2013-12-19	3	2	4	642
5081	2013-12-20	1	2	4	1293
5083	2013-12-22	2	1	4	1055
5085	2013-12-24	4	3	4	628
5087	2013-12-26	2	0	4	847
5088	2013-12-27	2	4	4	851
5089	2013-12-29	2	2	4	587
5090	2013-12-30	0	3	4	1110
5091	2013-12-31	3	3	4	710
5092	2014-01-01	3	0	0	1385
5094	2014-01-07	1	0	0	582
5095	2014-01-08	2	4	0	882
5096	2014-01-09	3	3	0	1250
5097	2014-01-11	3	2	0	1274
5098	2014-01-13	1	3	0	879
5099	2014-01-14	0	1	0	1018
5100	2014-01-15	3	2	0	934
5101	2014-01-16	1	2	0	1009
5102	2014-01-17	0	1	0	996
5103	2014-01-19	3	1	0	1241
5104	2014-01-23	2	3	0	686
5106	2014-01-26	4	2	0	669
5107	2014-01-27	2	1	0	1412
5108	2014-01-28	3	1	0	1482
5110	2014-01-01	2	0	1	1342
5111	2014-01-03	1	2	1	786
5112	2014-01-04	4	4	1	564
5113	2014-01-07	2	3	1	695
5114	2014-01-08	0	4	1	943
5115	2014-01-09	3	2	1	1054
5116	2014-01-10	2	1	1	1164
5117	2014-01-11	3	4	1	833
5118	2014-01-12	4	1	1	1252
5119	2014-01-13	4	0	1	1225
5121	2014-01-15	2	3	1	845
5123	2014-01-18	3	4	1	1054
5124	2014-01-19	1	1	1	1369
5125	2014-01-21	1	1	1	1231
5126	2014-01-22	4	3	1	995
5127	2014-01-23	1	1	1	1138
5130	2014-01-27	2	4	1	954
5132	2014-01-29	0	1	1	1417
5133	2014-01-30	2	4	1	541
5134	2014-01-31	4	3	1	1279
5135	2014-01-02	2	3	2	649
5136	2014-01-05	3	4	2	1411
5137	2014-01-06	4	4	2	770
5138	2014-01-09	4	3	2	1177
5139	2014-01-10	3	1	2	909
5141	2014-01-13	2	0	2	735
5142	2014-01-14	3	4	2	975
5143	2014-01-15	1	3	2	596
5144	2014-01-16	3	2	2	993
5145	2014-01-17	4	3	2	675
5149	2014-01-27	1	2	2	1342
5150	2014-01-28	1	3	2	1048
5151	2014-01-29	2	2	2	1393
5152	2014-01-30	2	0	2	825
5153	2014-01-31	3	0	2	1216
5154	2014-01-01	0	0	3	1333
5155	2014-01-03	3	3	3	753
5157	2014-01-05	1	4	3	843
5158	2014-01-06	1	4	3	1213
5159	2014-01-07	1	1	3	1350
5160	2014-01-08	0	2	3	785
5161	2014-01-09	3	2	3	665
5162	2014-01-10	4	3	3	1154
5163	2014-01-11	1	4	3	607
5164	2014-01-12	0	2	3	1394
5165	2014-01-13	3	3	3	689
5166	2014-01-14	2	4	3	812
5167	2014-01-16	4	2	3	1336
5168	2014-01-17	3	4	3	1029
5169	2014-01-19	3	2	3	717
5170	2014-01-20	3	1	3	981
5171	2014-01-21	4	4	3	528
5172	2014-01-22	4	1	3	1122
5173	2014-01-23	2	2	3	655
5175	2014-01-26	2	4	3	934
5176	2014-01-27	0	2	3	838
5178	2014-01-29	3	1	3	744
5179	2014-01-30	1	2	3	1079
5180	2014-01-31	4	0	3	1398
5181	2014-01-01	4	1	4	734
5182	2014-01-02	4	0	4	873
5184	2014-01-07	1	3	4	1016
5185	2014-01-10	1	4	4	1110
5186	2014-01-11	2	3	4	515
5187	2014-01-13	2	1	4	1394
5188	2014-01-14	2	4	4	625
5189	2014-01-16	1	3	4	1435
5190	2014-01-17	1	1	4	1077
5193	2014-01-22	3	2	4	1498
5194	2014-01-24	4	2	4	916
5195	2014-01-26	1	0	4	622
5196	2014-01-27	1	4	4	693
5198	2014-01-31	0	2	4	522
5199	2014-02-01	4	3	0	1330
5200	2014-02-02	3	3	0	1343
5201	2014-02-04	0	4	0	1241
5202	2014-02-06	3	0	0	773
5203	2014-02-08	2	1	0	1290
5204	2014-02-09	3	2	0	1167
5205	2014-02-10	0	4	0	853
5206	2014-02-11	4	2	0	1114
5207	2014-02-12	4	3	0	1112
5208	2014-02-13	1	1	0	770
5209	2014-02-15	3	4	0	1262
5211	2014-02-17	4	0	0	1363
5212	2014-02-18	1	3	0	1052
5213	2014-02-19	2	2	0	1480
5214	2014-02-20	4	4	0	1019
5215	2014-02-21	4	3	0	1036
5216	2014-02-23	1	3	0	1046
5217	2014-02-24	2	0	0	1292
5218	2014-02-25	0	3	0	1278
5220	2014-02-28	3	1	0	899
5221	2014-02-03	4	3	1	905
5222	2014-02-05	0	4	1	714
5223	2014-02-06	1	2	1	718
5225	2014-02-08	1	3	1	1287
5226	2014-02-09	2	3	1	783
5227	2014-02-10	3	4	1	1485
5228	2014-02-13	4	4	1	991
5230	2014-02-20	2	1	1	1288
5231	2014-02-22	4	2	1	1203
5232	2014-02-23	0	2	1	831
5233	2014-02-24	2	2	1	504
5234	2014-02-25	4	1	1	1197
5235	2014-02-01	2	3	2	1329
5236	2014-02-06	1	0	2	1117
5237	2014-02-07	2	3	2	786
5238	2014-02-08	0	4	2	1322
5240	2014-02-11	2	4	2	1372
5241	2014-02-15	4	3	2	1341
5242	2014-02-17	4	4	2	879
5243	2014-02-18	4	1	2	1312
5245	2014-02-24	2	1	2	1410
5248	2014-02-28	3	0	2	716
5250	2014-02-06	4	2	3	960
5253	2014-02-09	2	3	3	610
5254	2014-02-10	2	1	3	608
5255	2014-02-11	4	3	3	1359
5256	2014-02-14	3	1	3	1072
5257	2014-02-16	4	2	3	856
5258	2014-02-17	2	0	3	888
5259	2014-02-20	2	3	3	1445
5260	2014-02-22	3	4	3	1239
5261	2014-02-23	3	1	3	1327
5262	2014-02-24	0	3	3	1351
5264	2014-02-26	2	3	3	1406
5265	2014-02-27	2	1	3	690
5266	2014-02-01	2	0	4	667
5267	2014-02-02	4	4	4	714
5269	2014-02-05	1	3	4	1291
5271	2014-02-10	0	0	4	999
5272	2014-02-11	0	3	4	659
5273	2014-02-12	2	1	4	808
5274	2014-02-13	0	3	4	1324
5278	2014-02-17	4	1	4	1242
5279	2014-02-18	4	1	4	1075
5280	2014-02-19	0	3	4	1276
5281	2014-02-20	3	4	4	662
5282	2014-02-21	1	1	4	810
5283	2014-02-22	1	4	4	891
5285	2014-02-25	1	1	4	788
5286	2014-02-26	2	1	4	1284
5291	2014-03-04	4	2	0	979
5292	2014-03-06	2	4	0	1422
5293	2014-03-07	3	3	0	1441
5294	2014-03-08	4	1	0	1465
5295	2014-03-09	1	4	0	859
5296	2014-03-10	2	0	0	1233
5297	2014-03-11	3	3	0	1481
5299	2014-03-14	2	4	0	1119
5302	2014-03-18	1	1	0	1175
5303	2014-03-21	3	1	0	960
5304	2014-03-22	4	4	0	1001
5305	2014-03-23	0	1	0	1149
5306	2014-03-24	1	4	0	556
5307	2014-03-28	1	1	0	1105
5308	2014-03-29	2	4	0	982
5309	2014-03-31	4	2	0	1352
5310	2014-03-02	0	1	1	608
5311	2014-03-04	3	0	1	1202
5312	2014-03-05	4	2	1	843
5313	2014-03-07	4	0	1	1494
5314	2014-03-08	0	3	1	1095
5315	2014-03-09	4	3	1	681
5316	2014-03-10	3	1	1	930
5317	2014-03-11	2	0	1	759
5318	2014-03-12	2	4	1	1498
5319	2014-03-13	0	2	1	730
5320	2014-03-15	0	3	1	731
5321	2014-03-16	2	1	1	726
5323	2014-03-21	4	4	1	1367
5324	2014-03-25	1	4	1	1305
5325	2014-03-27	4	2	1	1111
5326	2014-03-29	1	1	1	670
5327	2014-03-30	3	1	1	999
5328	2014-03-31	3	1	1	741
5329	2014-03-01	4	2	2	1331
5331	2014-03-05	1	4	2	959
5334	2014-03-08	2	1	2	1425
5336	2014-03-12	1	0	2	834
5337	2014-03-13	1	3	2	1346
5338	2014-03-15	3	4	2	761
5339	2014-03-16	0	3	2	755
5340	2014-03-17	4	0	2	870
5341	2014-03-18	2	1	2	1209
5342	2014-03-19	0	2	2	926
5343	2014-03-20	0	1	2	1497
5344	2014-03-21	3	1	2	1380
5346	2014-03-23	2	4	2	562
5347	2014-03-24	3	3	2	971
5348	2014-03-25	3	1	2	551
5349	2014-03-26	1	3	2	710
5350	2014-03-27	2	2	2	1316
5352	2014-03-29	4	3	2	1242
5353	2014-03-31	2	1	2	1334
5354	2014-03-01	4	4	3	772
5355	2014-03-03	3	2	3	760
5356	2014-03-04	0	4	3	1098
5357	2014-03-05	4	3	3	713
5359	2014-03-07	3	1	3	1358
5360	2014-03-09	4	1	3	1288
5361	2014-03-10	0	4	3	1480
5362	2014-03-11	0	0	3	1429
5365	2014-03-15	0	4	3	1320
5366	2014-03-18	4	1	3	1160
5368	2014-03-21	3	1	3	1035
5369	2014-03-23	3	4	3	1090
5370	2014-03-26	0	1	3	1243
5371	2014-03-27	1	3	3	1357
5372	2014-03-28	1	4	3	1084
5373	2014-03-29	3	0	3	1136
5374	2014-03-30	2	1	3	1198
5376	2014-03-02	4	2	4	638
5377	2014-03-03	1	1	4	1385
5378	2014-03-05	3	1	4	1156
5379	2014-03-06	0	1	4	1090
5380	2014-03-07	0	1	4	1126
5382	2014-03-09	2	3	4	1004
5384	2014-03-11	0	0	4	840
5385	2014-03-12	3	3	4	1190
5386	2014-03-13	0	2	4	1045
5387	2014-03-14	4	0	4	1409
5388	2014-03-15	4	2	4	988
5389	2014-03-16	1	3	4	630
5390	2014-03-17	4	4	4	1445
5391	2014-03-18	2	1	4	1040
5392	2014-03-19	3	1	4	1324
5393	2014-03-21	1	3	4	520
5394	2014-03-22	2	3	4	826
5395	2014-03-23	4	1	4	850
5396	2014-03-25	3	4	4	948
5398	2014-03-27	1	1	4	1113
5399	2014-03-28	4	3	4	712
5400	2014-03-29	3	2	4	562
5401	2014-03-30	1	1	4	1111
5402	2014-04-02	1	4	0	1251
5403	2014-04-03	1	3	0	1032
5404	2014-04-04	3	2	0	733
5406	2014-04-07	2	2	0	1478
5407	2014-04-08	1	3	0	1240
5408	2014-04-09	2	4	0	1435
5409	2014-04-10	3	4	0	712
5410	2014-04-12	0	0	0	896
5411	2014-04-13	0	0	0	1178
5413	2014-04-17	4	3	0	1353
5414	2014-04-20	3	2	0	803
5415	2014-04-22	3	3	0	1288
5416	2014-04-23	3	1	0	1419
5417	2014-04-24	0	2	0	1304
5418	2014-04-25	2	0	0	980
5422	2014-04-29	1	1	0	1092
5423	2014-04-30	1	2	0	593
5424	2014-04-01	0	2	1	1141
5425	2014-04-02	2	2	1	808
5426	2014-04-04	4	4	1	545
5428	2014-04-07	3	4	1	1121
5429	2014-04-08	2	2	1	1337
5430	2014-04-10	2	2	1	874
5431	2014-04-12	2	3	1	530
5432	2014-04-14	2	4	1	737
5433	2014-04-16	0	4	1	592
5434	2014-04-17	2	3	1	725
5436	2014-04-19	0	1	1	1356
5437	2014-04-21	1	2	1	626
5438	2014-04-22	3	4	1	1286
5439	2014-04-24	0	3	1	557
5440	2014-04-25	0	4	1	1354
5441	2014-04-26	3	1	1	1238
5442	2014-04-28	3	1	1	694
5443	2014-04-29	2	1	1	720
5444	2014-04-30	4	0	1	1420
5445	2014-04-01	3	1	2	1276
5446	2014-04-02	2	2	2	1202
5447	2014-04-03	0	0	2	1219
5451	2014-04-08	1	4	2	1283
5453	2014-04-10	0	4	2	1114
5454	2014-04-11	2	1	2	1246
5455	2014-04-13	2	3	2	1463
5456	2014-04-15	2	1	2	1403
5457	2014-04-16	1	3	2	610
5458	2014-04-17	1	2	2	1184
5459	2014-04-18	4	1	2	518
5460	2014-04-19	1	3	2	1017
5461	2014-04-20	2	0	2	1384
5462	2014-04-22	2	4	2	1113
5463	2014-04-24	4	1	2	1294
5464	2014-04-26	1	4	2	1195
5466	2014-04-28	3	4	2	619
5467	2014-04-29	0	4	2	589
5468	2014-04-30	4	4	2	599
5469	2014-04-01	3	4	3	1230
5470	2014-04-04	2	4	3	639
5471	2014-04-06	1	4	3	653
5472	2014-04-07	2	2	3	1433
5473	2014-04-08	1	3	3	1049
5474	2014-04-09	1	0	3	520
5475	2014-04-10	0	1	3	1030
5476	2014-04-11	4	3	3	1117
5477	2014-04-12	3	4	3	1081
5478	2014-04-13	1	3	3	1245
5481	2014-04-16	2	3	3	871
5482	2014-04-18	4	3	3	1066
5483	2014-04-19	3	4	3	1271
5484	2014-04-20	2	2	3	1300
5485	2014-04-22	1	1	3	1157
5486	2014-04-23	1	1	3	755
5487	2014-04-24	0	2	3	1380
5488	2014-04-25	0	4	3	681
5489	2014-04-26	3	4	3	1042
5490	2014-04-27	3	3	3	1223
5491	2014-04-28	1	2	3	949
5493	2014-04-01	1	2	4	1216
5494	2014-04-02	3	1	4	1156
5495	2014-04-03	3	4	4	1027
5496	2014-04-05	2	4	4	1348
5497	2014-04-07	3	0	4	1238
5498	2014-04-09	1	0	4	623
5499	2014-04-10	1	4	4	1008
5500	2014-04-11	4	1	4	957
5501	2014-04-13	4	4	4	545
5502	2014-04-14	4	3	4	1271
5503	2014-04-15	1	0	4	1273
5504	2014-04-17	2	4	4	1394
5505	2014-04-18	1	0	4	889
5506	2014-04-19	1	2	4	1330
5507	2014-04-20	1	1	4	567
5508	2014-04-22	2	0	4	564
5509	2014-04-23	1	1	4	854
5510	2014-04-24	4	1	4	1027
5513	2014-04-27	4	4	4	1436
5515	2014-04-30	2	3	4	1189
5516	2014-05-01	1	2	0	1256
5517	2014-05-04	3	2	0	1046
5518	2014-05-05	3	3	0	771
5520	2014-05-07	2	3	0	1030
5522	2014-05-10	2	3	0	1195
5524	2014-05-14	0	2	0	571
5525	2014-05-15	3	4	0	696
5526	2014-05-16	4	1	0	962
5527	2014-05-17	3	3	0	1335
5528	2014-05-18	1	4	0	1304
5529	2014-05-19	3	3	0	1127
5531	2014-05-24	4	4	0	1277
5532	2014-05-27	2	4	0	1112
5533	2014-05-29	2	2	0	727
5534	2014-05-31	1	1	0	1469
5536	2014-05-04	1	2	1	1164
5537	2014-05-06	2	1	1	940
5539	2014-05-09	4	0	1	638
5540	2014-05-11	0	1	1	608
5541	2014-05-12	3	4	1	937
5543	2014-05-15	2	4	1	1166
5544	2014-05-16	4	2	1	992
5545	2014-05-17	2	3	1	1110
5546	2014-05-18	2	2	1	1166
5547	2014-05-19	4	2	1	1457
5548	2014-05-20	3	0	1	1279
5549	2014-05-21	2	2	1	1199
5552	2014-05-24	1	4	1	779
5553	2014-05-25	4	3	1	1447
5554	2014-05-26	4	3	1	517
5555	2014-05-27	4	1	1	1333
5557	2014-05-30	4	1	1	1266
5558	2014-05-02	0	2	2	1276
5559	2014-05-03	2	3	2	1374
5560	2014-05-04	1	1	2	975
5561	2014-05-05	0	1	2	593
5563	2014-05-12	0	4	2	1085
5564	2014-05-13	1	2	2	792
5565	2014-05-14	4	1	2	921
5567	2014-05-16	2	2	2	742
5569	2014-05-18	1	1	2	916
5571	2014-05-20	2	3	2	1171
5572	2014-05-21	3	4	2	1277
5573	2014-05-22	4	4	2	1097
5575	2014-05-24	3	4	2	1079
5576	2014-05-25	3	2	2	524
5577	2014-05-26	4	0	2	1381
5578	2014-05-28	4	3	2	1156
5579	2014-05-29	1	0	2	557
5580	2014-05-30	4	2	2	1089
5581	2014-05-05	4	4	3	1317
5582	2014-05-08	3	3	3	503
5583	2014-05-09	2	4	3	1249
5584	2014-05-10	1	4	3	1088
5585	2014-05-12	2	0	3	1060
5586	2014-05-16	0	3	3	523
5588	2014-05-18	1	2	3	975
5590	2014-05-23	2	2	3	555
5591	2014-05-24	4	4	3	944
5593	2014-05-26	0	4	3	1094
5594	2014-05-28	3	2	3	728
5596	2014-05-31	2	4	3	1136
5598	2014-05-02	4	4	4	1151
5599	2014-05-03	0	3	4	890
5600	2014-05-04	3	3	4	568
5601	2014-05-06	3	1	4	687
5603	2014-05-08	1	3	4	1386
5604	2014-05-09	3	2	4	1482
5605	2014-05-10	4	3	4	624
5606	2014-05-11	3	1	4	1242
5607	2014-05-12	1	4	4	717
5608	2014-05-13	3	4	4	1309
5610	2014-05-15	1	2	4	506
5611	2014-05-16	1	1	4	1177
5612	2014-05-17	1	4	4	1084
5614	2014-05-21	3	2	4	888
5615	2014-05-22	1	3	4	1265
5616	2014-05-23	3	4	4	636
5617	2014-05-24	4	2	4	1221
5618	2014-05-25	4	3	4	1398
5619	2014-05-26	4	3	4	782
5621	2014-05-28	2	2	4	661
5622	2014-05-29	0	2	4	1287
5625	2014-06-01	3	0	0	731
5626	2014-06-02	1	2	0	1484
5627	2014-06-04	3	3	0	1237
5629	2014-06-08	3	3	0	726
5630	2014-06-09	2	2	0	1164
5632	2014-06-12	3	2	0	1306
5633	2014-06-14	4	3	0	573
5634	2014-06-15	4	0	0	1087
5636	2014-06-21	0	4	0	1155
5637	2014-06-22	1	3	0	1209
5638	2014-06-23	1	1	0	637
5639	2014-06-24	4	2	0	696
5643	2014-06-28	2	3	0	905
5644	2014-06-01	1	1	1	1309
5645	2014-06-02	2	4	1	777
5646	2014-06-03	4	3	1	1084
5648	2014-06-05	4	4	1	1127
5649	2014-06-06	4	2	1	939
5652	2014-06-10	1	1	1	706
5653	2014-06-11	4	0	1	1375
5655	2014-06-14	2	1	1	795
5656	2014-06-15	4	1	1	667
5657	2014-06-17	0	4	1	1308
5658	2014-06-18	3	2	1	1268
5659	2014-06-19	2	3	1	1243
5660	2014-06-20	2	3	1	902
5661	2014-06-21	3	3	1	1101
5663	2014-06-23	1	3	1	755
5664	2014-06-24	3	3	1	545
5665	2014-06-25	4	4	1	1021
5666	2014-06-26	1	0	1	752
5667	2014-06-29	1	4	1	1089
5668	2014-06-30	2	3	1	1493
5670	2014-06-02	0	0	2	1284
5671	2014-06-03	3	1	2	565
5672	2014-06-04	4	3	2	508
5673	2014-06-05	4	0	2	641
5675	2014-06-08	3	2	2	1152
5676	2014-06-09	4	1	2	1268
5677	2014-06-10	3	3	2	1464
5680	2014-06-15	2	3	2	1079
5681	2014-06-16	0	3	2	1350
5682	2014-06-18	3	1	2	1039
5683	2014-06-19	2	1	2	736
5684	2014-06-21	3	4	2	1425
5685	2014-06-23	2	4	2	544
5686	2014-06-25	4	2	2	1242
5687	2014-06-26	4	3	2	1303
5689	2014-06-29	3	3	2	1127
5690	2014-06-30	2	1	2	1217
5692	2014-06-05	3	2	3	1075
5693	2014-06-06	3	1	3	848
5694	2014-06-07	2	2	3	784
5695	2014-06-08	3	2	3	562
5696	2014-06-09	2	4	3	1124
5697	2014-06-16	2	0	3	723
5698	2014-06-17	2	1	3	509
5699	2014-06-18	2	1	3	1490
5700	2014-06-21	3	3	3	773
5701	2014-06-22	1	1	3	1198
5702	2014-06-23	1	3	3	915
5705	2014-06-30	4	2	3	1248
5706	2014-06-02	3	2	4	1079
5708	2014-06-05	4	1	4	1045
5709	2014-06-06	3	3	4	784
5710	2014-06-08	3	4	4	735
5711	2014-06-09	4	3	4	793
5712	2014-06-11	3	4	4	653
5713	2014-06-12	3	1	4	666
5714	2014-06-13	4	0	4	1475
5715	2014-06-14	2	1	4	1218
5716	2014-06-16	3	4	4	1471
5717	2014-06-19	3	3	4	1382
5718	2014-06-20	3	4	4	859
5719	2014-06-21	3	2	4	1172
5720	2014-06-24	4	3	4	1005
5721	2014-06-25	2	4	4	881
5722	2014-06-26	1	0	4	1363
5723	2014-06-28	2	4	4	849
5724	2014-06-29	2	4	4	727
5726	2014-07-01	2	0	0	942
5727	2014-07-02	3	2	0	756
5728	2014-07-04	2	4	0	1389
5729	2014-07-05	3	3	0	677
5730	2014-07-07	2	1	0	1336
5731	2014-07-08	1	0	0	765
5732	2014-07-12	1	1	0	1106
5734	2014-07-14	1	3	0	881
5735	2014-07-16	1	3	0	867
5736	2014-07-20	0	0	0	1004
5738	2014-07-23	3	4	0	1300
5739	2014-07-24	1	3	0	740
5740	2014-07-26	1	0	0	942
5741	2014-07-27	1	2	0	1187
5742	2014-07-29	3	4	0	1367
5743	2014-07-30	3	1	0	799
5744	2014-07-31	1	3	0	1418
5746	2014-07-02	2	1	1	704
5747	2014-07-06	1	2	1	844
5748	2014-07-07	1	2	1	873
5749	2014-07-09	3	1	1	1489
5750	2014-07-10	0	0	1	676
5752	2014-07-13	1	2	1	745
5753	2014-07-14	3	0	1	1222
5754	2014-07-15	1	1	1	1307
5756	2014-07-17	3	3	1	673
5757	2014-07-20	4	2	1	809
5758	2014-07-21	2	0	1	1045
5759	2014-07-22	0	4	1	1009
5760	2014-07-23	2	3	1	1072
5761	2014-07-25	1	3	1	1226
5763	2014-07-28	3	3	1	1398
5764	2014-07-30	3	4	1	1203
5765	2014-07-31	1	3	1	511
5767	2014-07-02	0	3	2	680
5768	2014-07-04	3	1	2	585
5769	2014-07-05	1	1	2	553
5770	2014-07-06	4	1	2	962
5771	2014-07-07	1	2	2	1212
5772	2014-07-08	4	0	2	919
5774	2014-07-10	1	4	2	853
5776	2014-07-13	1	3	2	1494
5777	2014-07-14	4	4	2	515
5779	2014-07-18	2	1	2	856
5780	2014-07-19	2	4	2	567
5781	2014-07-20	4	1	2	933
5782	2014-07-21	1	4	2	1177
5783	2014-07-22	0	4	2	1167
5784	2014-07-23	1	0	2	588
5785	2014-07-24	2	1	2	649
5786	2014-07-25	4	2	2	916
5787	2014-07-28	0	3	2	1207
5788	2014-07-29	2	4	2	607
5789	2014-07-31	3	0	2	929
5790	2014-07-01	1	0	3	879
5791	2014-07-02	0	4	3	1355
5792	2014-07-04	4	4	3	1292
5793	2014-07-07	1	1	3	1157
5794	2014-07-08	3	2	3	1272
5795	2014-07-10	4	1	3	987
5796	2014-07-11	2	3	3	1250
5797	2014-07-13	2	0	3	883
5799	2014-07-16	4	4	3	1387
5800	2014-07-19	2	4	3	676
5801	2014-07-20	4	3	3	1012
5802	2014-07-21	4	3	3	831
5803	2014-07-22	1	3	3	1294
5804	2014-07-23	2	4	3	1288
5805	2014-07-24	0	4	3	1496
5807	2014-07-26	1	4	3	1185
5808	2014-07-27	2	2	3	1073
5809	2014-07-28	4	0	3	1177
5810	2014-07-29	4	1	3	771
5811	2014-07-01	3	2	4	631
5812	2014-07-02	3	1	4	1139
5813	2014-07-03	1	1	4	626
5814	2014-07-04	3	4	4	784
5815	2014-07-06	2	4	4	992
5816	2014-07-07	0	0	4	535
5817	2014-07-08	1	1	4	1357
5818	2014-07-09	1	1	4	613
5820	2014-07-11	1	2	4	1346
5821	2014-07-12	1	4	4	1042
5822	2014-07-13	2	3	4	904
5823	2014-07-14	0	3	4	759
5824	2014-07-15	0	1	4	1307
5825	2014-07-16	2	1	4	675
5826	2014-07-18	1	4	4	884
5827	2014-07-20	2	3	4	629
5828	2014-07-21	0	1	4	503
5829	2014-07-25	3	2	4	595
5830	2014-07-28	4	3	4	1306
5831	2014-07-30	3	3	4	592
5833	2014-08-03	1	1	0	1457
5835	2014-08-07	1	3	0	555
5837	2014-08-11	3	4	0	605
5838	2014-08-12	4	1	0	1041
5839	2014-08-13	2	3	0	1165
5840	2014-08-14	3	0	0	1273
5841	2014-08-17	4	2	0	1256
5842	2014-08-18	3	4	0	895
5843	2014-08-20	4	0	0	730
5844	2014-08-21	1	0	0	1498
5845	2014-08-24	2	0	0	1138
5846	2014-08-25	2	3	0	1352
5847	2014-08-26	3	4	0	1439
5848	2014-08-28	4	0	0	1053
5849	2014-08-29	1	4	0	1316
5850	2014-08-30	4	1	0	833
5853	2014-08-02	1	4	1	1393
5854	2014-08-04	3	3	1	742
5855	2014-08-05	1	1	1	549
5856	2014-08-06	2	3	1	685
5857	2014-08-07	4	1	1	1471
5858	2014-08-10	3	1	1	1118
5859	2014-08-11	4	4	1	830
5860	2014-08-13	0	4	1	754
5861	2014-08-14	3	1	1	1001
5862	2014-08-15	2	4	1	1304
5863	2014-08-16	3	1	1	804
5864	2014-08-18	4	1	1	584
5865	2014-08-21	0	1	1	726
5866	2014-08-22	1	3	1	1111
5867	2014-08-23	2	4	1	648
5868	2014-08-24	4	1	1	1361
5870	2014-08-27	1	0	1	605
5871	2014-08-28	1	4	1	920
5872	2014-08-29	4	1	1	1491
5873	2014-08-31	1	1	1	819
5874	2014-08-01	4	4	2	706
5876	2014-08-03	1	0	2	625
5877	2014-08-04	3	4	2	906
5878	2014-08-05	3	2	2	1121
5879	2014-08-06	2	1	2	983
5880	2014-08-07	2	1	2	771
5881	2014-08-08	1	4	2	1268
5883	2014-08-13	4	4	2	686
5884	2014-08-14	3	1	2	749
5886	2014-08-16	2	3	2	553
5887	2014-08-18	4	2	2	633
5888	2014-08-19	3	1	2	1096
5889	2014-08-20	1	2	2	523
5893	2014-08-25	1	4	2	1098
5894	2014-08-26	3	2	2	688
5896	2014-08-29	3	1	2	1405
5897	2014-08-30	1	4	2	1477
5898	2014-08-31	3	3	2	1447
5899	2014-08-02	4	2	3	1336
5901	2014-08-07	2	2	3	968
5902	2014-08-08	3	4	3	939
5903	2014-08-09	4	2	3	1258
5905	2014-08-11	1	2	3	507
5906	2014-08-12	4	3	3	1243
5908	2014-08-14	1	1	3	1113
5909	2014-08-17	1	3	3	1348
5910	2014-08-20	4	2	3	759
5912	2014-08-24	3	1	3	996
5914	2014-08-26	1	1	3	1485
5915	2014-08-27	2	4	3	1297
5916	2014-08-28	2	3	3	718
5917	2014-08-29	0	0	3	1162
5918	2014-08-30	1	2	3	1006
5919	2014-08-02	1	1	4	1333
5921	2014-08-05	1	1	4	528
5922	2014-08-06	0	4	4	967
5923	2014-08-08	4	0	4	1071
5924	2014-08-09	2	4	4	655
5925	2014-08-11	2	3	4	1239
5927	2014-08-15	4	4	4	955
5930	2014-08-18	4	0	4	1133
5931	2014-08-19	1	3	4	1379
5932	2014-08-20	4	1	4	772
5933	2014-08-23	3	1	4	1316
5934	2014-08-24	3	4	4	914
5935	2014-08-25	1	2	4	1253
5936	2014-08-27	2	4	4	959
5937	2014-08-28	1	3	4	1265
5939	2014-09-01	1	2	0	1141
5940	2014-09-02	2	1	0	631
5941	2014-09-04	1	0	0	1073
5943	2014-09-06	1	0	0	1452
5945	2014-09-10	3	1	0	1140
5948	2014-09-15	2	3	0	1092
5949	2014-09-16	1	0	0	599
5950	2014-09-18	1	0	0	581
5951	2014-09-19	2	1	0	1369
5954	2014-09-23	2	1	0	1303
5955	2014-09-24	3	3	0	959
5956	2014-09-26	4	3	0	1142
5957	2014-09-27	3	1	0	1383
5958	2014-09-28	3	4	0	1379
5959	2014-09-30	3	3	0	1338
5961	2014-09-04	2	1	1	646
5962	2014-09-05	0	3	1	1259
5963	2014-09-06	2	3	1	1013
5964	2014-09-09	0	3	1	1365
5968	2014-09-14	2	4	1	727
5969	2014-09-15	1	3	1	1155
5971	2014-09-19	1	2	1	720
5972	2014-09-20	1	2	1	552
5973	2014-09-21	4	4	1	956
5974	2014-09-24	1	2	1	632
5975	2014-09-25	2	3	1	1131
5976	2014-09-26	3	3	1	1297
5977	2014-09-27	1	3	1	565
5979	2014-09-29	1	0	1	788
5980	2014-09-01	3	4	2	1421
5981	2014-09-02	3	3	2	785
5983	2014-09-05	3	3	2	815
5985	2014-09-07	2	1	2	1389
5986	2014-09-08	1	1	2	1014
5987	2014-09-10	3	2	2	848
5988	2014-09-11	3	4	2	1141
5989	2014-09-12	3	4	2	523
5990	2014-09-14	4	4	2	658
5991	2014-09-15	1	4	2	1489
5992	2014-09-16	4	4	2	1313
5995	2014-09-21	1	4	2	559
5996	2014-09-22	0	0	2	1036
5999	2014-09-25	4	3	2	1285
6000	2014-09-28	3	2	2	753
6001	2014-09-30	3	4	2	1147
6002	2014-09-01	4	3	3	1214
6003	2014-09-03	2	1	3	599
6004	2014-09-05	1	2	3	953
6005	2014-09-06	0	3	3	1390
6007	2014-09-08	2	2	3	589
6008	2014-09-09	1	4	3	773
6009	2014-09-11	4	3	3	1103
6010	2014-09-12	3	4	3	1247
6011	2014-09-13	2	2	3	681
6012	2014-09-14	3	2	3	1369
6013	2014-09-15	1	3	3	1170
6014	2014-09-19	1	0	3	1278
6015	2014-09-22	1	3	3	789
6016	2014-09-23	4	1	3	922
6017	2014-09-25	4	2	3	1145
6018	2014-09-26	4	1	3	1279
6019	2014-09-27	4	4	3	702
6020	2014-09-28	2	4	3	1356
6021	2014-09-29	1	4	3	1355
6022	2014-09-30	0	4	3	1308
6023	2014-09-01	3	4	4	1301
6024	2014-09-02	2	3	4	1282
6025	2014-09-04	4	1	4	1005
6026	2014-09-05	3	3	4	1156
6027	2014-09-06	3	4	4	909
6029	2014-09-08	1	1	4	1429
6030	2014-09-09	1	4	4	939
6031	2014-09-11	1	1	4	644
6032	2014-09-13	4	3	4	822
6034	2014-09-16	1	0	4	595
6035	2014-09-18	2	2	4	626
6036	2014-09-19	3	0	4	1428
6037	2014-09-20	1	4	4	722
6038	2014-09-22	4	1	4	729
6039	2014-09-24	2	3	4	1123
6040	2014-09-28	1	3	4	742
6041	2014-09-29	4	3	4	1255
6042	2014-09-30	4	2	4	671
6043	2014-10-01	4	1	0	1151
6044	2014-10-02	0	0	0	1370
6045	2014-10-03	3	4	0	753
6046	2014-10-05	1	4	0	832
6049	2014-10-09	3	1	0	623
6050	2014-10-10	4	4	0	1249
6051	2014-10-11	4	1	0	587
6052	2014-10-12	1	1	0	937
6053	2014-10-13	4	1	0	709
6054	2014-10-15	2	3	0	1288
6055	2014-10-16	3	4	0	1302
6056	2014-10-17	2	3	0	688
6057	2014-10-18	1	4	0	1349
6058	2014-10-20	4	0	0	1063
6060	2014-10-22	3	3	0	592
6061	2014-10-23	4	2	0	1126
6062	2014-10-25	2	4	0	1204
6063	2014-10-26	2	1	0	529
6064	2014-10-29	3	4	0	716
6065	2014-10-31	1	3	0	814
6067	2014-10-03	1	1	1	1158
6068	2014-10-05	0	1	1	1261
6069	2014-10-07	1	2	1	1366
6070	2014-10-11	3	3	1	554
6071	2014-10-14	2	2	1	1152
6073	2014-10-19	0	1	1	679
6074	2014-10-20	0	0	1	654
6076	2014-10-24	3	0	1	530
6078	2014-10-26	3	2	1	1105
6079	2014-10-27	4	4	1	1038
6081	2014-10-29	3	0	1	551
6083	2014-10-31	4	2	1	529
6084	2014-10-01	3	2	2	600
6085	2014-10-02	2	2	2	802
6086	2014-10-03	2	1	2	526
6088	2014-10-06	0	2	2	1038
6089	2014-10-07	0	3	2	1099
6090	2014-10-09	4	3	2	1453
6091	2014-10-11	2	3	2	783
6092	2014-10-12	4	2	2	543
6093	2014-10-14	2	2	2	781
6094	2014-10-17	4	0	2	865
6095	2014-10-19	4	3	2	1227
6096	2014-10-21	4	1	2	1007
6097	2014-10-23	2	3	2	867
6098	2014-10-24	0	1	2	657
6099	2014-10-25	4	2	2	1342
6100	2014-10-26	1	0	2	650
6102	2014-10-28	1	2	2	570
6104	2014-10-02	3	4	3	1037
6105	2014-10-03	4	0	3	1453
6106	2014-10-07	1	1	3	514
6107	2014-10-08	4	0	3	552
6108	2014-10-09	1	3	3	648
6109	2014-10-10	3	2	3	1208
6110	2014-10-11	4	4	3	1442
6111	2014-10-12	2	0	3	1012
6113	2014-10-18	4	4	3	724
6115	2014-10-20	0	1	3	860
6116	2014-10-21	1	0	3	657
6117	2014-10-22	4	2	3	768
6120	2014-10-25	4	1	3	982
6122	2014-10-28	3	3	3	1358
6123	2014-10-31	2	1	3	541
6124	2014-10-01	0	2	4	1482
6125	2014-10-02	1	4	4	923
6127	2014-10-04	4	4	4	1322
6128	2014-10-07	2	2	4	1376
6130	2014-10-09	3	3	4	1415
6131	2014-10-10	2	3	4	1010
6132	2014-10-11	1	3	4	1151
6133	2014-10-12	0	0	4	1214
6134	2014-10-13	2	4	4	1198
6135	2014-10-15	4	0	4	918
6136	2014-10-16	2	2	4	907
6137	2014-10-17	1	0	4	1206
6138	2014-10-19	1	4	4	1343
6139	2014-10-20	3	4	4	1300
6140	2014-10-22	2	3	4	1428
6141	2014-10-23	0	1	4	1371
6142	2014-10-24	2	1	4	1013
6143	2014-10-26	4	2	4	1149
6144	2014-10-27	1	4	4	799
6145	2014-10-29	4	4	4	1321
6147	2014-11-01	1	0	0	1211
6148	2014-11-03	3	4	0	1113
6149	2014-11-05	0	1	0	884
6151	2014-11-09	1	2	0	1015
6153	2014-11-12	1	1	0	1012
6154	2014-11-13	1	0	0	621
6155	2014-11-14	2	3	0	1241
6156	2014-11-18	2	3	0	548
6157	2014-11-20	1	0	0	1362
6159	2014-11-22	3	4	0	1390
6160	2014-11-23	1	4	0	1131
6161	2014-11-24	4	1	0	1113
6162	2014-11-26	1	3	0	1457
6163	2014-11-27	0	4	0	947
6164	2014-11-29	1	3	0	918
6165	2014-11-01	4	2	1	1030
6166	2014-11-02	1	0	1	1498
6167	2014-11-03	1	2	1	907
6169	2014-11-07	2	3	1	546
6170	2014-11-08	0	2	1	837
6171	2014-11-09	3	0	1	1134
6172	2014-11-12	1	3	1	626
6174	2014-11-14	1	3	1	907
6175	2014-11-17	1	1	1	1188
6176	2014-11-18	1	1	1	1119
6177	2014-11-19	1	1	1	576
6179	2014-11-22	2	4	1	1335
6180	2014-11-23	2	1	1	776
6181	2014-11-24	3	4	1	1432
6182	2014-11-25	4	3	1	1293
6183	2014-11-26	3	3	1	833
6185	2014-11-29	2	3	1	943
6187	2014-11-01	4	2	2	974
6188	2014-11-02	2	3	2	1104
6189	2014-11-03	0	3	2	761
6191	2014-11-05	3	1	2	1321
6192	2014-11-06	2	1	2	915
6193	2014-11-07	1	2	2	909
6194	2014-11-10	2	1	2	1266
6195	2014-11-11	1	2	2	547
6196	2014-11-13	2	4	2	1295
6197	2014-11-15	0	2	2	1246
6198	2014-11-18	4	4	2	505
6199	2014-11-19	2	1	2	1263
6200	2014-11-20	0	4	2	735
6201	2014-11-21	2	1	2	754
6202	2014-11-23	2	1	2	1407
6204	2014-11-27	3	2	2	1454
6206	2014-11-29	4	1	2	1123
6207	2014-11-30	0	1	2	567
6208	2014-11-02	4	2	3	1384
6209	2014-11-03	3	4	3	1446
6210	2014-11-04	1	0	3	1146
6211	2014-11-05	0	2	3	730
6212	2014-11-08	4	3	3	661
6214	2014-11-11	4	3	3	1150
6216	2014-11-13	4	4	3	633
6217	2014-11-15	1	3	3	1478
6218	2014-11-16	2	2	3	738
6219	2014-11-19	2	0	3	725
6220	2014-11-20	2	4	3	597
6221	2014-11-21	3	0	3	777
6222	2014-11-22	1	3	3	1209
6223	2014-11-24	0	4	3	1121
6224	2014-11-25	3	4	3	1238
6225	2014-11-26	0	0	3	519
6226	2014-11-27	1	1	3	1420
6227	2014-11-28	1	3	3	1022
6228	2014-11-30	4	4	3	697
6230	2014-11-03	4	4	4	772
6231	2014-11-04	4	4	4	1032
6232	2014-11-06	2	1	4	1007
6234	2014-11-12	3	1	4	1270
6236	2014-11-14	4	3	4	963
6237	2014-11-15	4	2	4	770
6238	2014-11-16	3	1	4	1366
6240	2014-11-18	2	0	4	869
6241	2014-11-20	3	2	4	1478
6242	2014-11-22	1	4	4	531
6243	2014-11-24	0	2	4	636
6244	2014-11-27	2	0	4	834
6245	2014-11-29	1	1	4	708
6246	2014-12-01	3	1	0	724
6247	2014-12-02	1	4	0	617
6249	2014-12-06	4	4	0	1396
6250	2014-12-07	4	3	0	888
6251	2014-12-09	1	1	0	558
6252	2014-12-10	0	3	0	1376
6254	2014-12-14	4	0	0	871
6256	2014-12-16	3	2	0	1391
6257	2014-12-17	4	3	0	1299
6259	2014-12-20	2	3	0	863
6260	2014-12-21	3	3	0	899
6262	2014-12-23	1	3	0	1239
6263	2014-12-24	1	3	0	505
6264	2014-12-25	4	1	0	1240
6265	2014-12-28	1	1	0	780
6266	2014-12-29	2	2	0	1411
6267	2014-12-30	1	1	0	1245
6268	2014-12-31	2	4	0	1292
6269	2014-12-01	4	2	1	534
6271	2014-12-04	4	3	1	1286
6272	2014-12-06	3	4	1	1203
6273	2014-12-07	0	2	1	839
6275	2014-12-09	2	3	1	1031
6276	2014-12-11	0	4	1	1301
6277	2014-12-13	4	2	1	1324
6278	2014-12-14	2	2	1	879
6279	2014-12-15	2	3	1	1318
6280	2014-12-17	1	0	1	1191
6282	2014-12-19	3	2	1	1385
6283	2014-12-20	3	0	1	868
6286	2014-12-23	4	1	1	882
6287	2014-12-25	1	1	1	760
6288	2014-12-26	4	4	1	786
6289	2014-12-28	4	1	1	853
6291	2014-12-31	0	3	1	665
6292	2014-12-01	4	2	2	1235
6293	2014-12-02	1	3	2	652
6294	2014-12-03	1	0	2	1203
6295	2014-12-04	4	2	2	621
6296	2014-12-06	2	1	2	833
6297	2014-12-07	4	1	2	630
6298	2014-12-09	4	3	2	1226
6299	2014-12-10	3	0	2	518
6300	2014-12-13	2	2	2	1011
6301	2014-12-14	2	3	2	645
6304	2014-12-20	0	3	2	908
6305	2014-12-23	1	0	2	512
6306	2014-12-24	4	3	2	1012
6307	2014-12-26	1	2	2	881
6308	2014-12-28	0	2	2	571
6309	2014-12-29	1	4	2	628
6310	2014-12-01	1	1	3	670
6311	2014-12-02	2	1	3	1096
6312	2014-12-03	4	4	3	1311
6313	2014-12-04	2	4	3	780
6314	2014-12-05	4	3	3	1118
6315	2014-12-06	1	3	3	1489
6317	2014-12-13	0	0	3	982
6318	2014-12-14	2	4	3	1159
6320	2014-12-17	3	1	3	1295
6321	2014-12-18	4	4	3	1373
6322	2014-12-23	4	2	3	1494
6325	2014-12-28	0	2	3	1419
6326	2014-12-29	2	3	3	580
6327	2014-12-30	2	1	3	810
6328	2014-12-31	3	3	3	1315
6329	2014-12-01	4	3	4	1201
6330	2014-12-03	4	4	4	1395
6331	2014-12-06	1	3	4	1194
6332	2014-12-07	4	4	4	1374
6333	2014-12-09	1	0	4	905
6334	2014-12-10	4	1	4	758
6336	2014-12-12	4	3	4	1180
6340	2014-12-17	3	3	4	778
6342	2014-12-19	3	1	4	1359
6343	2014-12-20	2	4	4	1163
6344	2014-12-21	4	2	4	912
6345	2014-12-22	4	3	4	889
6346	2014-12-25	3	1	4	586
6347	2014-12-29	4	0	4	850
6348	2014-12-30	4	1	4	706
6349	2014-12-31	2	0	4	963
6350	2015-01-01	3	3	0	1115
6351	2015-01-02	3	4	0	1363
6352	2015-01-05	4	1	0	1372
6353	2015-01-06	1	1	0	739
6354	2015-01-07	4	2	0	925
6355	2015-01-08	4	3	0	1048
6356	2015-01-09	4	4	0	1335
6358	2015-01-11	1	1	0	824
6359	2015-01-12	3	3	0	629
6360	2015-01-14	2	1	0	984
6361	2015-01-15	1	1	0	1347
6362	2015-01-18	1	4	0	1376
6363	2015-01-19	3	0	0	1189
6364	2015-01-20	2	4	0	921
6365	2015-01-21	3	4	0	1238
6366	2015-01-22	4	3	0	1305
6367	2015-01-23	1	3	0	669
6368	2015-01-25	3	1	0	1068
6369	2015-01-27	1	2	0	1065
6370	2015-01-28	3	2	0	728
6371	2015-01-29	3	3	0	827
6373	2015-01-04	3	0	1	537
6374	2015-01-05	1	2	1	682
6376	2015-01-07	0	4	1	982
6377	2015-01-08	3	2	1	1085
6379	2015-01-12	3	2	1	1189
6381	2015-01-14	2	4	1	960
6382	2015-01-15	1	3	1	526
6383	2015-01-16	2	1	1	888
6384	2015-01-17	0	1	1	1284
6386	2015-01-21	4	0	1	977
6387	2015-01-22	4	3	1	510
6388	2015-01-24	1	3	1	1100
6390	2015-01-28	2	3	1	1035
6391	2015-01-30	1	1	1	1012
6392	2015-01-01	3	3	2	691
6393	2015-01-02	3	3	2	943
6394	2015-01-03	3	4	2	776
6396	2015-01-05	1	2	2	729
6397	2015-01-06	4	3	2	1418
6398	2015-01-09	2	1	2	508
6399	2015-01-10	3	2	2	1216
6400	2015-01-12	3	0	2	1003
6402	2015-01-14	0	4	2	884
6403	2015-01-15	0	1	2	1445
6404	2015-01-16	1	1	2	529
6405	2015-01-17	2	0	2	899
6407	2015-01-21	3	3	2	1368
6408	2015-01-22	1	1	2	652
6409	2015-01-23	0	4	2	1408
6413	2015-01-28	1	3	2	1144
6414	2015-01-29	1	4	2	794
6415	2015-01-30	1	4	2	902
6418	2015-01-07	1	4	3	583
6419	2015-01-08	4	1	3	509
6422	2015-01-12	2	0	3	1141
6423	2015-01-14	1	3	3	1124
6424	2015-01-15	0	2	3	538
6426	2015-01-18	0	4	3	545
6427	2015-01-19	2	4	3	1198
6428	2015-01-20	1	3	3	1296
6429	2015-01-21	1	4	3	917
6430	2015-01-22	1	1	3	1267
6431	2015-01-23	1	1	3	1079
6433	2015-01-25	1	2	3	515
6434	2015-01-26	1	1	3	1193
6435	2015-01-27	3	0	3	1147
6437	2015-01-29	4	2	3	1242
6438	2015-01-30	1	0	3	1158
6439	2015-01-31	0	0	3	1263
6440	2015-01-01	1	2	4	893
6441	2015-01-02	2	3	4	871
6442	2015-01-03	3	3	4	826
6443	2015-01-04	4	4	4	948
6444	2015-01-05	3	0	4	1332
6445	2015-01-06	1	2	4	1391
6446	2015-01-07	1	3	4	1124
6447	2015-01-08	1	4	4	673
6449	2015-01-11	2	3	4	1123
6450	2015-01-12	2	3	4	1089
6451	2015-01-14	1	4	4	806
6452	2015-01-15	4	2	4	1477
6453	2015-01-16	2	2	4	662
6454	2015-01-17	2	2	4	1470
6455	2015-01-18	4	4	4	777
6456	2015-01-19	4	0	4	1150
6457	2015-01-20	1	3	4	1247
6458	2015-01-21	3	0	4	682
6459	2015-01-23	3	3	4	1054
6460	2015-01-24	4	1	4	1491
6461	2015-01-25	0	0	4	740
6462	2015-01-27	3	4	4	1058
6463	2015-01-28	2	3	4	561
6464	2015-01-31	3	3	4	501
6465	2015-02-01	2	4	0	917
6466	2015-02-02	1	2	0	1218
6467	2015-02-03	3	4	0	874
6468	2015-02-04	2	4	0	597
6469	2015-02-05	3	2	0	1338
6470	2015-02-06	4	4	0	1112
6471	2015-02-09	2	1	0	905
6472	2015-02-10	3	0	0	1378
6473	2015-02-11	4	3	0	1426
6475	2015-02-14	3	0	0	825
6476	2015-02-15	0	2	0	901
6477	2015-02-16	0	2	0	1014
6478	2015-02-17	1	0	0	903
6479	2015-02-18	0	3	0	549
6480	2015-02-19	1	2	0	1183
6481	2015-02-20	2	1	0	1307
6482	2015-02-21	4	3	0	1236
6483	2015-02-22	2	1	0	816
6484	2015-02-23	3	2	0	911
6486	2015-02-25	0	2	0	1435
6487	2015-02-28	1	2	0	612
6488	2015-02-05	0	1	1	1210
6489	2015-02-06	2	3	1	646
6490	2015-02-07	4	1	1	677
6491	2015-02-09	4	1	1	1371
6492	2015-02-11	2	1	1	689
6495	2015-02-14	1	2	1	1046
6496	2015-02-15	3	3	1	780
6497	2015-02-18	3	3	1	558
6499	2015-02-21	3	2	1	978
6500	2015-02-22	1	0	1	1148
6502	2015-02-24	2	3	1	894
6505	2015-02-27	4	1	1	1350
6506	2015-02-01	4	3	2	515
6507	2015-02-02	1	3	2	889
6508	2015-02-03	3	1	2	674
6510	2015-02-06	0	3	2	1043
6512	2015-02-09	2	1	2	1431
6513	2015-02-10	3	4	2	906
6514	2015-02-11	4	4	2	1402
6516	2015-02-16	2	1	2	1184
6517	2015-02-17	1	4	2	780
6518	2015-02-18	2	0	2	990
6519	2015-02-19	2	0	2	1246
6521	2015-02-21	3	1	2	727
6522	2015-02-22	4	2	2	661
6525	2015-02-26	2	2	2	744
6526	2015-02-27	1	2	2	1170
6527	2015-02-28	1	3	2	739
6528	2015-02-01	2	2	3	1409
6530	2015-02-03	1	2	3	933
6531	2015-02-05	4	3	3	1416
6532	2015-02-06	0	1	3	944
6533	2015-02-07	3	3	3	1370
6534	2015-02-10	2	4	3	708
6535	2015-02-11	1	2	3	1436
6537	2015-02-15	4	4	3	1410
6538	2015-02-19	0	0	3	1073
6539	2015-02-20	4	1	3	1302
6540	2015-02-21	3	3	3	1051
6541	2015-02-22	0	1	3	598
6543	2015-02-24	1	4	3	1164
6544	2015-02-25	2	4	3	866
6547	2015-02-03	1	1	4	874
6548	2015-02-04	3	3	4	1420
6549	2015-02-07	3	4	4	815
6550	2015-02-09	3	1	4	1325
6552	2015-02-11	4	1	4	578
6553	2015-02-12	2	2	4	576
6554	2015-02-13	3	1	4	742
6555	2015-02-16	4	2	4	1499
6556	2015-02-19	3	1	4	641
6559	2015-02-22	2	3	4	886
6560	2015-02-23	4	2	4	1361
6561	2015-02-25	3	3	4	1159
6562	2015-02-27	2	1	4	1073
6563	2015-02-28	1	2	4	851
6565	2015-03-05	2	1	0	1346
6566	2015-03-06	0	3	0	710
6567	2015-03-07	2	4	0	923
6568	2015-03-09	3	4	0	671
6569	2015-03-10	0	2	0	1223
6571	2015-03-14	3	0	0	544
6572	2015-03-15	3	3	0	1463
6574	2015-03-20	3	0	0	1134
6575	2015-03-21	2	4	0	530
6576	2015-03-22	2	1	0	794
6578	2015-03-24	4	2	0	1229
6579	2015-03-25	3	0	0	647
6580	2015-03-26	4	1	0	913
6581	2015-03-27	0	1	0	1381
6582	2015-03-28	3	4	0	1434
6583	2015-03-30	4	1	0	1288
6584	2015-03-01	4	4	1	564
6585	2015-03-02	3	1	1	1045
6586	2015-03-04	4	0	1	556
6587	2015-03-06	3	0	1	533
6590	2015-03-10	4	4	1	972
6591	2015-03-11	1	3	1	1369
6592	2015-03-12	0	4	1	515
6593	2015-03-14	2	3	1	848
6595	2015-03-17	4	3	1	952
6596	2015-03-20	4	3	1	704
6597	2015-03-21	1	2	1	655
6598	2015-03-22	3	0	1	1337
6599	2015-03-23	2	0	1	1323
6600	2015-03-24	1	2	1	1024
6601	2015-03-26	4	4	1	1064
6602	2015-03-27	2	4	1	852
6603	2015-03-29	1	1	1	658
6604	2015-03-30	4	3	1	779
6605	2015-03-01	2	4	2	1395
6607	2015-03-03	1	2	2	812
6608	2015-03-04	3	1	2	545
6609	2015-03-05	3	3	2	1273
6610	2015-03-06	2	3	2	1022
6611	2015-03-07	3	4	2	840
6612	2015-03-12	3	2	2	1311
6613	2015-03-13	2	4	2	1056
6614	2015-03-14	4	1	2	646
6615	2015-03-16	4	2	2	907
6616	2015-03-17	1	4	2	999
6617	2015-03-18	3	4	2	1471
6618	2015-03-20	0	1	2	511
6620	2015-03-23	1	4	2	1394
6621	2015-03-24	1	2	2	616
6623	2015-03-26	1	1	2	1110
6624	2015-03-27	0	4	2	806
6625	2015-03-28	4	2	2	1292
6626	2015-03-29	3	0	2	1187
6627	2015-03-31	0	4	2	1467
6628	2015-03-02	0	2	3	1048
6629	2015-03-05	4	2	3	1125
6630	2015-03-06	4	3	3	1242
6631	2015-03-07	4	4	3	1270
6632	2015-03-08	3	4	3	861
6633	2015-03-10	3	1	3	1182
6635	2015-03-13	2	1	3	968
6636	2015-03-14	2	4	3	720
6637	2015-03-15	3	4	3	1281
6638	2015-03-16	3	2	3	1138
6639	2015-03-18	1	1	3	504
6640	2015-03-19	2	4	3	658
6641	2015-03-20	2	4	3	1396
6643	2015-03-22	4	4	3	564
6644	2015-03-25	3	2	3	700
6647	2015-03-28	4	4	3	1192
6648	2015-03-30	1	2	3	980
6653	2015-03-04	1	1	4	928
6654	2015-03-05	3	3	4	635
6655	2015-03-06	4	2	4	945
6656	2015-03-08	2	3	4	1395
6658	2015-03-12	3	0	4	680
6660	2015-03-14	2	4	4	1153
6661	2015-03-16	4	2	4	824
6662	2015-03-18	1	4	4	647
6663	2015-03-20	4	1	4	1119
6664	2015-03-21	2	4	4	1339
6665	2015-03-22	1	2	4	1454
6666	2015-03-23	3	2	4	563
6667	2015-03-24	1	2	4	930
6670	2015-03-28	1	1	4	1175
6672	2015-03-31	3	4	4	1459
6673	2015-04-02	4	2	0	1493
6675	2015-04-06	3	1	0	1343
6677	2015-04-08	0	3	0	1214
6678	2015-04-09	3	3	0	1138
6679	2015-04-10	0	1	0	1450
6680	2015-04-11	0	3	0	1054
6681	2015-04-12	4	3	0	839
6682	2015-04-13	1	0	0	918
6683	2015-04-14	3	2	0	840
6684	2015-04-15	2	1	0	1161
6685	2015-04-16	3	2	0	800
6686	2015-04-17	2	2	0	980
6687	2015-04-18	4	4	0	610
6688	2015-04-19	4	4	0	1027
6689	2015-04-20	4	0	0	1013
6690	2015-04-23	4	4	0	672
6691	2015-04-25	2	2	0	598
6693	2015-04-28	2	3	0	577
6694	2015-04-30	4	4	0	640
6695	2015-04-01	1	3	1	1061
6696	2015-04-02	2	3	1	633
6697	2015-04-05	4	2	1	1097
6698	2015-04-09	1	4	1	1205
6699	2015-04-10	0	3	1	1404
6700	2015-04-11	2	3	1	741
6701	2015-04-12	4	4	1	1472
6702	2015-04-14	1	4	1	1288
6703	2015-04-15	4	3	1	689
6705	2015-04-18	3	4	1	1304
6706	2015-04-20	1	4	1	996
6707	2015-04-21	3	1	1	1149
6708	2015-04-22	3	1	1	758
6709	2015-04-24	1	4	1	1196
6710	2015-04-25	4	2	1	1195
6711	2015-04-26	0	1	1	1067
6713	2015-04-29	4	3	1	1235
6714	2015-04-04	1	3	2	1262
6715	2015-04-05	0	2	2	875
6716	2015-04-06	1	4	2	1202
6717	2015-04-07	2	4	2	1266
6718	2015-04-10	2	2	2	1259
6719	2015-04-11	3	2	2	1369
6720	2015-04-12	4	4	2	936
6721	2015-04-14	4	3	2	855
6722	2015-04-15	0	2	2	643
6723	2015-04-17	3	3	2	1145
6724	2015-04-18	1	4	2	950
6725	2015-04-19	4	0	2	898
6726	2015-04-21	3	0	2	970
6727	2015-04-22	3	2	2	937
6728	2015-04-23	0	1	2	643
6729	2015-04-24	1	3	2	990
6732	2015-04-27	2	4	2	768
6733	2015-04-28	3	2	2	628
6735	2015-04-01	1	3	3	702
6736	2015-04-03	0	0	3	1479
6737	2015-04-05	1	2	3	556
6738	2015-04-06	4	1	3	1078
6739	2015-04-07	3	2	3	1111
6741	2015-04-09	3	4	3	826
6743	2015-04-12	1	2	3	771
6744	2015-04-14	3	2	3	1053
6745	2015-04-15	3	1	3	1345
6746	2015-04-18	2	0	3	679
6747	2015-04-19	1	2	3	1039
6748	2015-04-21	4	0	3	1297
6749	2015-04-24	3	2	3	544
6751	2015-04-26	0	1	3	1172
6752	2015-04-27	0	2	3	685
6753	2015-04-28	3	1	3	1108
6754	2015-04-29	1	3	3	698
6755	2015-04-04	2	0	4	1318
6757	2015-04-07	4	1	4	1302
6758	2015-04-08	0	2	4	1267
6759	2015-04-09	1	1	4	1411
6761	2015-04-12	3	4	4	684
6762	2015-04-13	3	3	4	1499
6763	2015-04-14	3	2	4	824
6764	2015-04-16	1	3	4	1262
6765	2015-04-17	0	4	4	638
6767	2015-04-19	3	1	4	729
6768	2015-04-20	4	3	4	1062
6769	2015-04-21	3	4	4	746
6770	2015-04-22	2	0	4	1066
6771	2015-04-23	4	4	4	900
6773	2015-04-25	2	0	4	964
6775	2015-04-28	4	4	4	718
6776	2015-04-30	1	4	4	585
6777	2015-05-01	2	0	0	1321
6778	2015-05-05	2	4	0	782
6780	2015-05-07	4	3	0	1433
6781	2015-05-09	1	3	0	1107
6783	2015-05-11	0	1	0	1348
6785	2015-05-14	4	2	0	985
6786	2015-05-15	3	2	0	798
6787	2015-05-17	1	2	0	1134
6791	2015-05-22	1	2	0	548
6793	2015-05-26	2	2	0	1103
6794	2015-05-27	2	2	0	578
6795	2015-05-29	3	3	0	678
6796	2015-05-30	3	3	0	1239
6797	2015-05-02	4	2	1	769
6799	2015-05-05	0	1	1	894
6800	2015-05-06	2	4	1	891
6801	2015-05-07	2	3	1	1362
6802	2015-05-08	3	4	1	627
6803	2015-05-09	3	3	1	852
6805	2015-05-12	3	1	1	1257
6806	2015-05-13	1	1	1	765
6807	2015-05-14	4	4	1	1353
6808	2015-05-15	0	3	1	1239
6809	2015-05-16	1	4	1	556
6810	2015-05-18	4	1	1	1048
6811	2015-05-19	1	2	1	1471
6812	2015-05-20	4	2	1	880
6813	2015-05-22	3	2	1	706
6814	2015-05-23	0	3	1	1291
6815	2015-05-24	2	1	1	633
6816	2015-05-25	1	4	1	795
6817	2015-05-28	3	2	1	588
6818	2015-05-29	3	1	1	1312
6819	2015-05-30	3	0	1	995
6820	2015-05-31	0	4	1	956
6822	2015-05-02	0	0	2	1379
6823	2015-05-04	4	4	2	1104
6824	2015-05-05	3	3	2	874
6826	2015-05-08	2	1	2	1370
6827	2015-05-09	1	1	2	994
6828	2015-05-10	4	4	2	1303
6829	2015-05-11	4	1	2	1317
6830	2015-05-12	3	1	2	656
6831	2015-05-13	3	1	2	1296
6832	2015-05-14	4	4	2	1211
6833	2015-05-15	4	0	2	951
6834	2015-05-16	1	4	2	1418
6835	2015-05-17	1	3	2	521
6836	2015-05-18	3	3	2	1374
6837	2015-05-19	3	3	2	809
6840	2015-05-24	1	3	2	1445
6841	2015-05-25	1	4	2	506
6842	2015-05-27	1	4	2	685
6843	2015-05-28	1	3	2	1053
6845	2015-05-30	1	2	2	661
6846	2015-05-31	2	3	2	1086
6848	2015-05-04	1	2	3	1183
6849	2015-05-05	1	4	3	1470
6850	2015-05-06	2	2	3	1059
6851	2015-05-07	2	0	3	887
6852	2015-05-09	3	3	3	1431
6853	2015-05-11	3	0	3	614
6854	2015-05-12	1	2	3	1428
6855	2015-05-13	1	4	3	962
6856	2015-05-14	1	4	3	1125
6857	2015-05-15	4	3	3	1310
6858	2015-05-16	3	2	3	1248
6859	2015-05-19	3	3	3	787
6862	2015-05-22	4	4	3	898
6863	2015-05-24	1	3	3	1351
6864	2015-05-25	0	2	3	837
6865	2015-05-27	1	1	3	1428
6868	2015-05-01	0	4	4	1164
6869	2015-05-03	1	1	4	1178
6870	2015-05-04	0	2	4	1252
6871	2015-05-05	0	3	4	1344
6872	2015-05-08	1	2	4	1165
6873	2015-05-10	4	3	4	1245
6874	2015-05-11	4	1	4	1064
6876	2015-05-13	4	4	4	1489
6877	2015-05-15	2	2	4	640
6878	2015-05-17	1	0	4	1042
6879	2015-05-19	2	4	4	809
6880	2015-05-20	1	1	4	601
6882	2015-05-23	1	3	4	1255
6883	2015-05-24	2	4	4	751
6884	2015-05-26	0	3	4	1464
6885	2015-05-29	4	3	4	1425
6886	2015-05-30	2	4	4	724
6887	2015-05-31	4	2	4	748
6888	2015-06-01	4	2	0	1486
6889	2015-06-02	2	3	0	864
6890	2015-06-03	3	1	0	1031
6892	2015-06-05	0	3	0	771
6893	2015-06-06	0	4	0	1487
6895	2015-06-10	1	2	0	1201
6896	2015-06-11	3	3	0	816
6897	2015-06-12	1	3	0	1407
6898	2015-06-14	3	1	0	1352
6899	2015-06-16	1	1	0	1459
6900	2015-06-17	2	1	0	606
6902	2015-06-23	4	3	0	1489
6903	2015-06-24	3	2	0	723
6904	2015-06-25	4	4	0	961
6905	2015-06-28	2	3	0	1109
6906	2015-06-29	3	2	0	1417
6908	2015-06-01	4	2	1	1180
6909	2015-06-02	3	3	1	1467
6910	2015-06-04	1	4	1	861
6911	2015-06-05	3	1	1	1417
6912	2015-06-06	0	4	1	777
6913	2015-06-07	1	1	1	1108
6914	2015-06-08	4	1	1	991
6915	2015-06-09	3	1	1	669
6916	2015-06-11	1	0	1	1207
6918	2015-06-14	4	0	1	731
6920	2015-06-17	1	0	1	1356
6921	2015-06-18	2	3	1	1296
6922	2015-06-23	2	0	1	834
6923	2015-06-24	4	3	1	640
6924	2015-06-27	1	3	1	992
6925	2015-06-28	3	1	1	1331
6926	2015-06-29	1	3	1	1065
6927	2015-06-30	4	3	1	1488
6928	2015-06-01	1	1	2	1181
6930	2015-06-04	4	4	2	1359
6932	2015-06-07	4	1	2	543
6933	2015-06-09	4	3	2	1018
6934	2015-06-10	3	3	2	1181
6935	2015-06-11	2	3	2	1152
6936	2015-06-12	3	4	2	1216
6937	2015-06-14	4	1	2	1206
6939	2015-06-16	4	2	2	1367
6941	2015-06-21	1	4	2	822
6942	2015-06-22	1	1	2	894
6943	2015-06-23	0	0	2	1059
6944	2015-06-24	2	1	2	837
6945	2015-06-26	3	1	2	568
6946	2015-06-27	1	0	2	1329
6947	2015-06-01	4	2	3	1025
6949	2015-06-04	4	0	3	713
6950	2015-06-05	2	3	3	1298
6951	2015-06-06	4	3	3	561
6952	2015-06-10	4	3	3	513
6953	2015-06-11	2	1	3	586
6954	2015-06-13	2	0	3	934
6955	2015-06-14	3	2	3	741
6956	2015-06-15	2	4	3	637
6957	2015-06-16	4	1	3	1234
6958	2015-06-17	4	2	3	1452
6960	2015-06-19	2	0	3	1397
6961	2015-06-20	3	1	3	1451
6963	2015-06-22	4	4	3	1459
6964	2015-06-23	0	3	3	1067
6965	2015-06-24	3	4	3	1438
6966	2015-06-25	2	4	3	1258
6967	2015-06-26	3	0	3	538
6968	2015-06-27	4	0	3	628
6969	2015-06-02	1	1	4	939
6970	2015-06-03	3	0	4	536
6971	2015-06-04	4	1	4	1025
6973	2015-06-07	0	3	4	1041
6974	2015-06-08	4	1	4	596
6975	2015-06-09	3	0	4	1035
6978	2015-06-12	3	0	4	895
6979	2015-06-13	1	4	4	514
6980	2015-06-14	1	2	4	1097
6981	2015-06-15	3	2	4	1395
6982	2015-06-16	2	0	4	1480
6983	2015-06-17	4	2	4	1457
6984	2015-06-18	4	4	4	538
6985	2015-06-20	1	2	4	720
6987	2015-06-25	1	1	4	947
6988	2015-06-26	4	3	4	939
6989	2015-06-27	4	3	4	769
6990	2015-06-28	2	4	4	573
6991	2015-06-29	1	3	4	822
6992	2015-06-30	2	1	4	733
6993	2015-07-03	4	1	0	1410
6994	2015-07-04	0	3	0	880
6995	2015-07-05	4	4	0	763
6996	2015-07-07	3	1	0	1080
6997	2015-07-09	4	3	0	1319
6999	2015-07-13	4	4	0	750
7000	2015-07-14	0	3	0	612
7001	2015-07-17	2	2	0	1261
7002	2015-07-18	3	2	0	1270
7003	2015-07-20	4	2	0	1500
7004	2015-07-21	1	3	0	1090
7006	2015-07-23	2	4	0	1170
7007	2015-07-24	4	1	0	1382
7008	2015-07-25	3	0	0	836
7010	2015-07-27	0	3	0	826
7013	2015-07-30	4	0	0	1097
7014	2015-07-31	1	4	0	620
7017	2015-07-06	2	0	1	654
7018	2015-07-08	4	1	1	1381
7019	2015-07-09	4	3	1	1415
7020	2015-07-10	2	2	1	1082
7021	2015-07-11	0	2	1	1316
7022	2015-07-13	1	0	1	980
7023	2015-07-15	4	2	1	555
7025	2015-07-17	1	1	1	658
7026	2015-07-22	2	1	1	1005
7027	2015-07-23	2	0	1	1053
7028	2015-07-25	1	3	1	794
7029	2015-07-26	3	3	1	1000
7030	2015-07-27	4	2	1	870
7031	2015-07-28	4	3	1	746
7032	2015-07-29	1	3	1	969
7033	2015-07-31	1	2	1	592
7034	2015-07-01	4	2	2	1029
7035	2015-07-03	1	4	2	1388
7036	2015-07-04	4	3	2	1463
7037	2015-07-06	2	3	2	1402
7038	2015-07-07	3	4	2	1408
7040	2015-07-09	1	4	2	1390
7041	2015-07-11	1	0	2	711
7042	2015-07-12	1	2	2	1035
7044	2015-07-14	3	0	2	1387
7045	2015-07-16	0	1	2	852
7046	2015-07-17	2	1	2	1480
7047	2015-07-18	2	1	2	781
7049	2015-07-20	4	2	2	842
7050	2015-07-21	2	3	2	550
7051	2015-07-23	1	3	2	1475
7052	2015-07-24	1	3	2	771
7053	2015-07-25	2	2	2	1158
7054	2015-07-26	1	4	2	647
7055	2015-07-27	4	3	2	1382
7056	2015-07-28	3	1	2	898
7057	2015-07-29	1	3	2	1172
7058	2015-07-30	3	2	2	1412
7059	2015-07-31	2	1	2	974
7060	2015-07-03	4	0	3	1152
7061	2015-07-04	3	1	3	1403
7062	2015-07-05	1	1	3	1371
7063	2015-07-06	1	3	3	702
7064	2015-07-07	2	4	3	1206
7065	2015-07-10	2	2	3	519
7066	2015-07-12	1	3	3	680
7069	2015-07-17	1	4	3	825
7071	2015-07-20	1	1	3	689
7072	2015-07-21	2	0	3	1121
7074	2015-07-25	3	3	3	529
7075	2015-07-26	4	1	3	1385
7076	2015-07-27	4	4	3	1076
7077	2015-07-29	2	4	3	747
7078	2015-07-30	3	3	3	1461
7079	2015-07-31	1	1	3	664
7080	2015-07-01	4	1	4	1399
7081	2015-07-03	4	0	4	1176
7082	2015-07-04	1	4	4	1125
7083	2015-07-05	1	3	4	896
7084	2015-07-06	2	2	4	1266
7086	2015-07-08	3	1	4	1094
7087	2015-07-10	3	3	4	821
7088	2015-07-11	1	4	4	1120
7090	2015-07-15	4	4	4	1244
7091	2015-07-20	3	1	4	812
7092	2015-07-22	0	1	4	702
7093	2015-07-23	4	3	4	1171
7094	2015-07-24	2	2	4	1489
7095	2015-07-25	2	4	4	525
7097	2015-07-28	1	2	4	1076
7098	2015-07-29	2	4	4	1461
7099	2015-07-30	0	3	4	605
7100	2015-07-31	2	1	4	971
7101	2015-08-01	2	4	0	624
7102	2015-08-02	1	4	0	1103
7103	2015-08-03	1	2	0	1451
7104	2015-08-04	3	1	0	620
7105	2015-08-06	1	1	0	1258
7107	2015-08-09	4	4	0	1390
7108	2015-08-10	2	2	0	904
7109	2015-08-11	4	1	0	612
7110	2015-08-13	3	4	0	1239
7111	2015-08-14	2	0	0	1099
7112	2015-08-15	3	4	0	1295
7114	2015-08-18	1	2	0	1307
7115	2015-08-19	3	0	0	1380
7119	2015-08-25	4	0	0	708
7120	2015-08-26	2	4	0	988
7123	2015-08-30	4	1	0	1290
7124	2015-08-02	0	4	1	1079
7125	2015-08-04	4	1	1	734
7126	2015-08-05	3	4	1	1255
7127	2015-08-06	1	2	1	695
7129	2015-08-10	1	1	1	867
7130	2015-08-11	1	2	1	915
7131	2015-08-16	3	2	1	642
7132	2015-08-17	3	4	1	568
7134	2015-08-19	2	3	1	1413
7135	2015-08-20	3	0	1	845
7136	2015-08-22	1	2	1	1035
7137	2015-08-26	1	4	1	1012
7138	2015-08-27	2	4	1	790
7139	2015-08-29	0	2	1	1144
7141	2015-08-31	1	4	1	596
7142	2015-08-01	3	0	2	1048
7143	2015-08-02	1	1	2	839
7144	2015-08-03	4	2	2	540
7145	2015-08-04	1	1	2	1058
7147	2015-08-06	2	3	2	1414
7148	2015-08-07	4	1	2	792
7149	2015-08-08	4	2	2	1073
7150	2015-08-10	0	1	2	1386
7151	2015-08-11	2	1	2	661
7152	2015-08-14	4	4	2	857
7153	2015-08-17	1	3	2	1120
7155	2015-08-19	3	1	2	1102
7156	2015-08-20	2	4	2	1053
7157	2015-08-21	1	2	2	1131
7158	2015-08-22	0	4	2	625
7160	2015-08-26	2	3	2	904
7161	2015-08-27	3	3	2	771
7163	2015-08-01	3	1	3	1153
7164	2015-08-02	3	3	3	558
7165	2015-08-03	3	1	3	1158
7166	2015-08-04	2	4	3	911
7167	2015-08-05	1	2	3	1300
7168	2015-08-07	0	3	3	1132
7169	2015-08-08	3	1	3	1324
7170	2015-08-09	3	1	3	1046
7171	2015-08-10	3	2	3	1258
7172	2015-08-12	2	0	3	999
7173	2015-08-13	3	0	3	1165
7174	2015-08-16	1	1	3	1007
7175	2015-08-17	3	2	3	654
7176	2015-08-23	4	0	3	1244
7177	2015-08-24	2	4	3	732
7178	2015-08-25	1	0	3	642
7179	2015-08-26	4	1	3	1409
7181	2015-08-28	2	2	3	955
7183	2015-08-30	4	4	3	749
7186	2015-08-02	1	0	4	1032
7187	2015-08-05	4	1	4	993
7189	2015-08-08	2	4	4	1453
7190	2015-08-09	0	1	4	1129
7191	2015-08-10	4	3	4	1436
7192	2015-08-11	1	2	4	1487
7193	2015-08-13	3	2	4	742
7194	2015-08-14	3	1	4	772
7195	2015-08-15	4	1	4	839
7197	2015-08-17	4	4	4	1377
7198	2015-08-19	4	2	4	1113
7201	2015-08-24	1	2	4	683
7202	2015-08-25	3	4	4	1039
7203	2015-08-27	1	1	4	556
7204	2015-08-28	3	3	4	1131
7205	2015-08-29	2	4	4	1172
7207	2015-09-01	1	2	0	1485
7208	2015-09-02	4	0	0	1429
7209	2015-09-04	1	2	0	771
7210	2015-09-05	0	1	0	1061
7211	2015-09-07	2	4	0	1224
7212	2015-09-10	4	3	0	1367
7213	2015-09-11	3	0	0	716
7214	2015-09-12	4	0	0	1358
7215	2015-09-13	3	4	0	884
7216	2015-09-14	1	3	0	1109
7218	2015-09-17	1	4	0	1440
7219	2015-09-18	3	2	0	723
7222	2015-09-21	2	3	0	767
7223	2015-09-22	4	4	0	715
7224	2015-09-23	1	2	0	1155
7225	2015-09-24	0	4	0	1078
7226	2015-09-25	1	1	0	1139
7227	2015-09-26	3	2	0	974
7228	2015-09-27	4	0	0	1260
7229	2015-09-28	2	2	0	581
7230	2015-09-30	0	3	0	629
7233	2015-09-05	0	1	1	612
7234	2015-09-07	2	2	1	978
7236	2015-09-09	1	2	1	850
7239	2015-09-12	3	1	1	1127
7240	2015-09-14	1	1	1	534
7241	2015-09-15	4	4	1	1079
7242	2015-09-17	3	2	1	1493
7243	2015-09-18	0	4	1	907
7244	2015-09-19	0	3	1	1355
7246	2015-09-23	4	1	1	693
7247	2015-09-24	4	4	1	522
7248	2015-09-25	0	3	1	583
7249	2015-09-26	3	0	1	858
7250	2015-09-27	1	3	1	1397
7251	2015-09-28	4	4	1	751
7252	2015-09-29	4	2	1	1487
7253	2015-09-01	1	4	2	1167
7256	2015-09-06	1	4	2	1437
7257	2015-09-07	1	0	2	689
7258	2015-09-08	1	3	2	791
7259	2015-09-09	4	4	2	1488
7260	2015-09-10	1	3	2	888
7262	2015-09-13	2	1	2	541
7263	2015-09-14	3	4	2	1335
7267	2015-09-19	1	0	2	1361
7268	2015-09-20	2	4	2	713
7269	2015-09-21	2	2	2	970
7270	2015-09-22	3	4	2	852
7271	2015-09-23	4	1	2	646
7272	2015-09-25	3	3	2	657
7275	2015-09-29	2	3	2	1139
7277	2015-09-01	2	4	3	655
7278	2015-09-02	4	4	3	1356
7279	2015-09-04	3	1	3	1010
7280	2015-09-05	2	4	3	1019
7281	2015-09-07	1	4	3	718
7282	2015-09-08	0	1	3	1402
7283	2015-09-10	2	3	3	1221
7284	2015-09-12	2	0	3	1181
7285	2015-09-13	4	2	3	1226
7287	2015-09-15	0	0	3	1055
7289	2015-09-17	4	2	3	1344
7290	2015-09-19	4	1	3	863
7291	2015-09-21	2	0	3	1119
7292	2015-09-22	2	4	3	1266
7294	2015-09-24	3	2	3	950
7295	2015-09-25	1	3	3	948
7296	2015-09-27	3	1	3	1393
7297	2015-09-28	3	4	3	786
7298	2015-09-29	3	4	3	610
7300	2015-09-01	0	3	4	1140
7301	2015-09-02	2	2	4	1389
7302	2015-09-03	1	4	4	1185
7303	2015-09-04	3	3	4	926
7304	2015-09-05	3	2	4	1187
7305	2015-09-08	1	2	4	638
7307	2015-09-12	2	4	4	1014
7308	2015-09-14	1	1	4	764
7310	2015-09-17	1	3	4	784
7311	2015-09-20	1	3	4	1207
7312	2015-09-21	1	0	4	989
7313	2015-09-22	1	2	4	741
7314	2015-09-23	0	1	4	602
7315	2015-09-26	3	1	4	829
7316	2015-09-27	1	3	4	912
7317	2015-09-29	4	0	4	771
7319	2015-10-02	0	3	0	1191
7320	2015-10-03	2	3	0	1385
7321	2015-10-04	1	2	0	980
7322	2015-10-05	3	1	0	798
7324	2015-10-08	3	2	0	620
7325	2015-10-09	4	0	0	860
7326	2015-10-11	0	2	0	506
7327	2015-10-12	3	0	0	717
7330	2015-10-19	3	3	0	918
7332	2015-10-22	3	3	0	823
7333	2015-10-24	1	2	0	1168
7334	2015-10-28	2	1	0	1223
7335	2015-10-29	2	0	0	799
7337	2015-10-31	4	4	0	1125
7339	2015-10-02	3	1	1	985
7340	2015-10-03	2	0	1	1255
7341	2015-10-04	3	0	1	1159
7342	2015-10-07	0	4	1	802
7345	2015-10-10	4	3	1	1365
7346	2015-10-12	0	4	1	1049
7347	2015-10-14	3	0	1	1089
7348	2015-10-15	3	2	1	544
7349	2015-10-17	2	1	1	1485
7350	2015-10-18	4	4	1	864
7351	2015-10-19	4	2	1	965
7352	2015-10-21	4	3	1	570
7353	2015-10-22	4	2	1	1395
7354	2015-10-23	4	2	1	1458
7355	2015-10-24	3	0	1	516
7356	2015-10-25	0	0	1	1361
7357	2015-10-26	1	1	1	673
7358	2015-10-27	4	1	1	883
7359	2015-10-28	2	3	1	1416
7360	2015-10-30	3	1	1	1393
7361	2015-10-31	3	1	1	681
7362	2015-10-01	3	2	2	672
7363	2015-10-02	0	2	2	1093
7365	2015-10-05	4	3	2	1187
7366	2015-10-06	0	2	2	960
7367	2015-10-07	2	2	2	728
7368	2015-10-08	1	2	2	1218
7369	2015-10-09	2	2	2	1136
7370	2015-10-11	2	2	2	1392
7371	2015-10-12	4	2	2	1106
7372	2015-10-13	2	3	2	549
7375	2015-10-17	2	4	2	983
7376	2015-10-19	0	4	2	503
7379	2015-10-22	4	1	2	706
7380	2015-10-25	1	1	2	1184
7381	2015-10-27	1	3	2	575
7382	2015-10-28	1	2	2	1291
7383	2015-10-29	1	0	2	878
7384	2015-10-31	3	2	2	1283
7386	2015-10-04	4	3	3	574
7387	2015-10-05	1	1	3	661
7388	2015-10-06	0	2	3	957
7391	2015-10-10	2	4	3	686
7392	2015-10-12	2	3	3	1226
7393	2015-10-13	4	1	3	1100
7394	2015-10-17	0	2	3	852
7395	2015-10-18	1	1	3	675
7396	2015-10-19	2	3	3	1098
7398	2015-10-22	3	1	3	693
7400	2015-10-24	2	2	3	553
7401	2015-10-25	3	3	3	1008
7402	2015-10-26	1	1	3	539
7403	2015-10-27	1	1	3	1418
7404	2015-10-29	2	1	3	1107
7405	2015-10-30	0	1	3	1166
7409	2015-10-04	4	0	4	1304
7410	2015-10-05	3	3	4	821
7412	2015-10-07	3	2	4	1315
7413	2015-10-08	1	2	4	725
7414	2015-10-09	4	1	4	1077
7415	2015-10-11	3	3	4	730
7416	2015-10-12	2	2	4	1434
7417	2015-10-13	1	3	4	1376
7418	2015-10-14	4	1	4	810
7420	2015-10-19	1	2	4	1408
7422	2015-10-21	2	1	4	683
7423	2015-10-22	4	2	4	939
7424	2015-10-24	1	4	4	1468
7426	2015-10-27	2	2	4	1496
7428	2015-11-07	4	4	0	792
7429	2015-11-08	3	1	0	1046
7430	2015-11-09	4	2	0	1431
7432	2015-11-11	2	1	0	1162
7433	2015-11-12	3	0	0	627
7434	2015-11-13	4	1	0	916
7435	2015-11-14	3	1	0	531
7436	2015-11-15	0	1	0	523
7437	2015-11-16	0	2	0	998
7440	2015-11-20	3	4	0	1022
7442	2015-11-23	1	4	0	942
7443	2015-11-25	3	1	0	1202
7444	2015-11-26	3	1	0	1060
7445	2015-11-28	2	1	0	513
7446	2015-11-29	3	2	0	1213
7447	2015-11-01	3	1	1	1190
7449	2015-11-04	2	4	1	814
7450	2015-11-05	2	3	1	1226
7451	2015-11-06	4	1	1	1064
7452	2015-11-10	4	2	1	1255
7453	2015-11-11	2	3	1	1244
7454	2015-11-12	3	1	1	1260
7455	2015-11-15	1	3	1	1466
7456	2015-11-17	3	2	1	956
7457	2015-11-18	4	4	1	770
7458	2015-11-19	3	4	1	1163
7460	2015-11-21	4	3	1	1096
7462	2015-11-23	4	1	1	1047
7463	2015-11-24	1	2	1	1189
7465	2015-11-26	0	4	1	643
7466	2015-11-27	4	3	1	1183
7467	2015-11-29	4	2	1	1026
7468	2015-11-01	1	4	2	1491
7469	2015-11-03	0	2	2	1410
7470	2015-11-04	4	1	2	1274
7471	2015-11-05	4	0	2	1419
7472	2015-11-06	4	1	2	1038
7473	2015-11-08	2	3	2	1045
7474	2015-11-09	2	3	2	1282
7475	2015-11-10	1	3	2	955
7476	2015-11-11	1	4	2	549
7477	2015-11-13	4	3	2	1405
7478	2015-11-14	1	3	2	1374
7479	2015-11-15	4	3	2	664
7480	2015-11-16	4	4	2	697
7481	2015-11-17	0	3	2	1283
7482	2015-11-18	4	2	2	567
7483	2015-11-19	3	3	2	1387
7486	2015-11-23	2	4	2	1030
7487	2015-11-24	0	3	2	954
7488	2015-11-25	2	0	2	832
7489	2015-11-26	0	3	2	529
7490	2015-11-27	3	4	2	1043
7491	2015-11-28	3	4	2	671
7492	2015-11-29	4	1	2	1189
7493	2015-11-30	1	3	2	1464
7495	2015-11-04	1	4	3	1110
7496	2015-11-05	1	3	3	719
7497	2015-11-10	2	2	3	723
7498	2015-11-11	1	3	3	905
7499	2015-11-13	1	3	3	1353
7500	2015-11-15	4	2	3	1369
7501	2015-11-16	3	2	3	1496
7502	2015-11-17	1	4	3	1485
7503	2015-11-18	0	1	3	813
7504	2015-11-19	1	1	3	1174
7505	2015-11-20	1	2	3	1464
7506	2015-11-21	3	3	3	1391
7507	2015-11-22	3	4	3	620
7508	2015-11-23	4	0	3	1425
7510	2015-11-26	3	2	3	1294
7511	2015-11-27	2	1	3	1463
7512	2015-11-29	3	0	3	1097
7513	2015-11-01	1	3	4	1330
7514	2015-11-02	4	0	4	1106
7515	2015-11-03	0	1	4	953
7516	2015-11-04	2	3	4	550
7517	2015-11-06	0	4	4	1006
7518	2015-11-07	3	0	4	643
7519	2015-11-08	3	2	4	1015
7520	2015-11-12	2	1	4	590
7521	2015-11-13	1	0	4	809
7523	2015-11-15	1	3	4	1372
7524	2015-11-16	4	4	4	1397
7525	2015-11-18	0	1	4	669
7526	2015-11-19	4	0	4	1299
7527	2015-11-20	2	0	4	501
7528	2015-11-21	1	3	4	1050
7529	2015-11-22	2	3	4	771
7530	2015-11-23	2	1	4	1474
7531	2015-11-24	4	4	4	1251
7532	2015-11-25	1	3	4	602
7533	2015-11-27	4	2	4	600
7534	2015-11-28	2	4	4	616
7535	2015-11-29	2	2	4	663
7536	2015-12-01	4	1	0	874
7537	2015-12-03	1	4	0	1190
7538	2015-12-04	2	0	0	568
7540	2015-12-07	1	2	0	1490
7541	2015-12-09	2	3	0	635
7543	2015-12-12	3	1	0	962
7545	2015-12-15	4	3	0	1304
7546	2015-12-16	3	1	0	900
7547	2015-12-17	3	2	0	1233
7549	2015-12-21	4	3	0	866
7550	2015-12-24	1	1	0	988
7551	2015-12-26	2	2	0	615
7552	2015-12-27	4	0	0	1240
7553	2015-12-29	3	2	0	1279
7556	2015-12-01	4	1	1	1410
7557	2015-12-05	4	0	1	1497
7558	2015-12-13	4	1	1	1360
7560	2015-12-18	2	2	1	1098
7561	2015-12-19	1	4	1	509
7563	2015-12-23	1	1	1	795
7564	2015-12-24	1	1	1	1088
7565	2015-12-26	4	1	1	539
7566	2015-12-27	0	1	1	975
7567	2015-12-28	0	2	1	853
7568	2015-12-29	4	1	1	1406
7569	2015-12-31	3	4	1	986
7571	2015-12-02	3	1	2	723
7574	2015-12-09	1	3	2	813
7575	2015-12-10	3	1	2	1197
7577	2015-12-12	2	4	2	1338
7578	2015-12-13	4	0	2	1490
7579	2015-12-14	2	4	2	779
7581	2015-12-16	1	4	2	1155
7582	2015-12-17	0	3	2	691
7583	2015-12-19	2	4	2	1350
7584	2015-12-20	2	3	2	820
7585	2015-12-22	2	3	2	940
7586	2015-12-26	3	2	2	849
7587	2015-12-27	3	4	2	1374
7588	2015-12-28	4	2	2	537
7589	2015-12-29	4	2	2	717
7590	2015-12-01	2	2	3	991
7592	2015-12-03	3	2	3	521
7593	2015-12-04	3	4	3	1157
7594	2015-12-05	2	3	3	766
7595	2015-12-07	2	2	3	1281
7596	2015-12-08	0	0	3	646
7599	2015-12-13	3	2	3	837
7601	2015-12-16	4	1	3	513
7602	2015-12-17	1	4	3	1429
7603	2015-12-19	3	2	3	604
7604	2015-12-20	1	4	3	903
7605	2015-12-21	0	0	3	789
7606	2015-12-22	2	1	3	1198
7607	2015-12-24	4	3	3	1387
7608	2015-12-25	2	4	3	653
7609	2015-12-26	4	2	3	1050
7610	2015-12-28	4	3	3	953
7611	2015-12-29	1	4	3	1029
7613	2015-12-31	1	3	3	946
7616	2015-12-05	2	1	4	1482
7617	2015-12-06	2	3	4	1454
7618	2015-12-08	1	2	4	725
7619	2015-12-09	0	3	4	553
7620	2015-12-10	1	2	4	826
7621	2015-12-11	1	2	4	1367
7622	2015-12-12	4	4	4	1049
7623	2015-12-14	4	2	4	608
7624	2015-12-16	1	4	4	1204
7625	2015-12-18	3	1	4	966
7626	2015-12-19	1	1	4	1492
7627	2015-12-20	1	3	4	725
7628	2015-12-22	2	3	4	1200
7630	2015-12-26	3	3	4	660
7631	2015-12-27	1	4	4	554
7632	2015-12-28	1	3	4	786
7633	2015-12-29	4	1	4	509
7635	2015-12-31	4	2	4	634
\.


--
-- Name: sales_id_seq; Type: SEQUENCE SET; Schema: public; Owner: anychart_user
--

SELECT pg_catalog.setval('sales_id_seq', 7635, true);


--
-- Data for Name: sales_reps; Type: TABLE DATA; Schema: public; Owner: anychart_user
--

COPY sales_reps (id, name) FROM stdin;
0	Paul Smith
1	Joe Hernandez
2	Heidi Weild
3	Roberto Pallino
4	Amir Kutra
\.


--
-- Name: industry_pkey; Type: CONSTRAINT; Schema: public; Owner: anychart_user; Tablespace: 
--

ALTER TABLE ONLY industry
    ADD CONSTRAINT industry_pkey PRIMARY KEY (id);


--
-- Name: product_pkey; Type: CONSTRAINT; Schema: public; Owner: anychart_user; Tablespace: 
--

ALTER TABLE ONLY product
    ADD CONSTRAINT product_pkey PRIMARY KEY (id);


--
-- Name: region_pkey; Type: CONSTRAINT; Schema: public; Owner: anychart_user; Tablespace: 
--

ALTER TABLE ONLY region
    ADD CONSTRAINT region_pkey PRIMARY KEY (id);


--
-- Name: sales_pkey; Type: CONSTRAINT; Schema: public; Owner: anychart_user; Tablespace: 
--

ALTER TABLE ONLY sales
    ADD CONSTRAINT sales_pkey PRIMARY KEY (id);


--
-- Name: sales_reps_pkey; Type: CONSTRAINT; Schema: public; Owner: anychart_user; Tablespace: 
--

ALTER TABLE ONLY sales_reps
    ADD CONSTRAINT sales_reps_pkey PRIMARY KEY (id);


--
-- Name: product_industry_id_fkey; Type: FK CONSTRAINT; Schema: public; Owner: anychart_user
--

ALTER TABLE ONLY product
    ADD CONSTRAINT product_industry_id_fkey FOREIGN KEY (industry_id) REFERENCES industry(id);


--
-- Name: sales_product_id_fkey; Type: FK CONSTRAINT; Schema: public; Owner: anychart_user
--

ALTER TABLE ONLY sales
    ADD CONSTRAINT sales_product_id_fkey FOREIGN KEY (product_id) REFERENCES product(id);


--
-- Name: sales_region_id_fkey; Type: FK CONSTRAINT; Schema: public; Owner: anychart_user
--

ALTER TABLE ONLY sales
    ADD CONSTRAINT sales_region_id_fkey FOREIGN KEY (region_id) REFERENCES region(id);


--
-- Name: sales_rep_id_fkey; Type: FK CONSTRAINT; Schema: public; Owner: anychart_user
--

ALTER TABLE ONLY sales
    ADD CONSTRAINT sales_rep_id_fkey FOREIGN KEY (rep_id) REFERENCES sales_reps(id);


--
-- Name: public; Type: ACL; Schema: -; Owner: anychart_user
--

REVOKE ALL ON SCHEMA public FROM PUBLIC;
REVOKE ALL ON SCHEMA public FROM anychart_user;
GRANT ALL ON SCHEMA public TO anychart_user;
GRANT ALL ON SCHEMA public TO PUBLIC;


--
-- PostgreSQL database dump complete
--

